domain,score,description
timeweb.ru,50,
uteek.net,50,
ip-51-38-239.eu,50,
tiscali.it,50,
duluxpostmy.com,50,
rigindia.co.in,50,
romaotelecomprovedor.com.br,50,
beget.tech,50,
beget.com,50,
ironism.xyz,50,
auradermatology.com,50,
ecofleetcooling.com,50,
alldoors.az,50,
hocom-rubber.com,50,
jlccptt.net.cn,50,
shapharmedeqpt.com,50,
now.be,50,
icicibank.com,50,
netpnb.com,50,
mathongo.com,50,
creditq.in,50,
tele2.se,50,
goodworth.com.au,50,
mywic.eu,50,
topsejur.ro,50,
buckeyecom.net,50,
twiceok.com,50,
mundivox.com,50,
ktt.io.vn,50,
kiifb.org,50,
redevirtualnet.com.br,50,
lukalab.ru,50,
lebsolution-laksi.com,50,
cloudhost.web.id,50,
rainbowisp.in,50,
cn88555.com,50,
atmaneuler.com,50,
plesk.page,50,
shreerakhi.org,50,
interswitch.io,50,
kkuee18.com,50,
isle554.cn,50,
kuwei.site,50,
appliedprivacy.net,50,
rdp.sh,50,
Quetzalcoatl-relays.org,50,
midu.red,50,
ifengmap.com,50,
v1telecom.com.br,50,
spb.ru,50,
lasallecuernavaca.edu.mx,50,
alestra.net.mx,50,
uacm.edu.mx,50,
knology.net,50,
cnuninet.net,50,
lingju.work,50,
online.tj.cn,50,
i-zoom.net,50,
ccc.net.il,50,
184-clientes-izzi.mx,50,
myrepublic.com.sg,50,
vrushaliinfotech.com,50,
techintegrasolutions.com,50,
cdn77.com,50,
27-123-254-216-mcnbd.com,50,
cvmultimedia.cv,50,
konghuwudiao.com,50,
insidecoins.cc,50,
synology.me,50,
180-72-18-223-on-nets.com,50,
hispeed.ch,50,
numericable.fr,50,
syshjkj.com,50,
cu-s.de,50,
kabel-deutschland.de,50,
okto.life,50,
crovietnam.vn,50,
bopimo.co,50,
fzorb.xyz,50,
shrujanlldc.org,50,
1bachillerato.com,50,
dns-es.com,50,
issvn.net,50,
lipetsk.ru,50,
wananchi.com,50,
une.net.co,50,
gcrc.in,50,
startdedicated.com,50,
is.net.tr,50,
renjie.link,50,
ufinet.com.co,50,
nojabrsk.ru,50,
e-znet.com,50,
xjelgar.com,50,
vpnstorex.tech,50,
knj.ac,50,
starnet.md,50,
gowisper.com,50,
iforte.net.id,50,
volnamobile.ru,50,
rongguang-sh.com,50,
ip-198-50-159.net,50,
arescoaching.fr,50,
onetouchprosecurities.com,50,
infocomnet.com.br,50,
explicatos.com,50,
steveducey.com,50,
xuzhouzhihui.com,50,
nfcsmater.com,50,
aimdaddy.com,50,
cizgi.net.tr,50,
nultatmedia.com,50,
yetfix.com,50,
ip-145-239-154.eu,50,
marketstandard.click,50,
codetel.net.do,50,
nulinkdigital.com,50,
bangjoevpn.my.id,50,
tools001.shop,50,
mingdigital.cn,50,
vokylinapp.com,50,
ip-135-125-164.eu,50,
ipacct.net,50,
professionalwebsolutions.com.au,50,
ljdinfo.fr,50,
clubfitness.tn,50,
nippontec.net.br,50,
rdsnet.ro,50,
rionet.cz,50,
3cx.us,50,
frontiernet.net,50,
eatlocal.co,50,
kbrnet.ru,50,
mailservice.info,50,
mag-net.sk,50,
scs-gw.com,50,
ip-51-255-196.eu,50,
iam.net.ma,50,
copyriot.xyz,50,
0001.uz,50,
ib.systems,50,
caichangjun.cn,50,
terabit.net.id,50,
pystravel.vn,50,
intechonline.net,50,
joshibedekar.org,50,
unam.mx,50,
unifiedlayer.com,50,
netcentertelecom.net.br,50,
sislan.net,50,
prod-infinitum.com.mx,50,
1-a.i.ng,50,
imediaport.com,50,
sendopa.co.za,50,
49-tataidc.co.in,50,
bsnl.in,50,
serverpoint.com,50,
ewe-ip-backbone.de,50,
mts-nn.ru,50,
ip-ptr.tech,50,
the-a3.cloud,50,
acuren.top,50,
jicheng56.com,50,
bjtelecom.net,50,
qwest.net,50,
speedy.com.ar,50,
deltaconnex.com.br,50,
designerkashmir.com,50,
sexlviv.club,50,
sexolviv.com,50,
sexolviv.mobi,50,
t-online.hu,50,
iao.ru,50,
gshakti.org,50,
tripleplay.in,50,
multitvsolution.com,50,
juzishop.cn,50,
wingo.ch,50,
hrctech.net,50,
routergate.com,50,
servnetnet.com.br,50,
conectinfo.net.br,50,
redecompleta.net.br,50,
afaqitc.com,50,
alluhaedan.com,50,
qyxgov.cn,50,
cloudapp.net,50,
dmd-tech.vn,50,
bkhost.vn,50,
matrixai.click,50,
facturaplusperu.online,50,
chinaunicom.com,50,
kodey.cn,50,
yuyuandj.com,50,
privatelayer.com,50,
3bb.in.th,50,
myaisfibre.com,50,
2i3.net,50,
ibexnet.uk,50,
fornex.cloud,50,
cparmentier.eu,50,
sydfynsnet.dk,50,
tujikong.com,50,
weiju888.com,50,
firstlineinfotech.com,50,
prinza.es,50,
marbellamaintenance.es,50,
playboxinformatica.com.br,50,
datamailcloud.com,50,
telecel.com.py,50,
crfonline.com.ar,50,
11-clientes-izzi.mx,50,
n4telecom.com.br,50,
wavenet.at,50,
prdnorth.in.th,50,
bigtime.vn,50,
ip-57-128-33.eu,50,
pascalwave.com,50,
tigo.bo,50,
stalwartresearchinsights.com,50,
link.net.id,50,
sexougansk.red,50,
sexugansk.red,50,
sexougansk.com,50,
sexugansk.com,50,
sexugansk.net,50,
sexugansk.mobi,50,
stelkom.net,50,
rcil.gov.in,50,
fibermax.bg,50,
i360.net.br,50,
ants.com.tn,50,
ucom.ne.jp,50,
chtch.com.br,50,
famemahn.com,50,
totalplay.net,50,
duckdns.org,50,
installler.icu,50,
bvtwct.vn,50,
roosket.com,50,
excellmedia.net,50,
accesstel.net,50,
gmo-isp.jp,50,
digitwin.com.cn,50,
anteldata.net.uy,50,
211-61-18-223-on-nets.com,50,
ajqwhhc.cn,50,
hmxzjvr.cn,50,
aqualinkbd.com,50,
subzeroreefers.com,50,
bizmap.in,50,
c-agriculture.com,50,
xtra.co.nz,50,
telefiber.no,50,
plasmon.ge,50,
wharfon.com,50,
fpt.vn,50,
twoapi.com,50,
monkeyi001.top,50,
nftctelecom.com,50,
erpextra.com,50,
sexomurmansk.vip,50,
sexomurmansk.mobi,50,
sexmurmansk.red,50,
sexomurmansk.online,50,
sexxxmurmansk.com,50,
sexomurmansk.love,50,
sexxmurmansk.com,50,
sexmurmansk.com,50,
sexomurmansk.red,50,
sexmurmansk.club,50,
sexmurmansk.mobi,50,
sexmurmansk.vip,50,
playbetsman.com,50,
oruro.gob.bo,50,
hvtv.co,50,
nn-center.com,50,
celestron.com,50,
worldaccessfortheblind.org,50,
mairnet.net,50,
zenwifi.net,50,
asusrepeater.net,50,
asusap.com,50,
asusnetwork.net,50,
asusswitch.net,50,
asusswitch.com,50,
asusap.net,50,
asusrouter.com,50,
expertwifi.net,50,
asusrepeater.com,50,
sparklight.net,50,
192-clientes-izzi.mx,50,
idio-tech.com,50,
acecafeshop.com,50,
terabits.xyz,50,
lantianit.cn,50,
mamaines-sta.com,50,
us-app-01.eu,50,
proxad.net,50,
sntsolutions.co.in,50,
for-privacy.net,50,
ytgrading.com,50,
cmx.co.kr,50,
creolink.com,50,
desktop.com.br,50,
tube-hosting.com,50,
reposify.com,50,
planttel.net,50,
gzkjyl.com,50,
nextgerp.com,50,
telstra.net,50,
intrinsec.com,50,
suerp.com,50,
safetyinaja.com,50,
rezexpert.com,50,
pfcloud.io,50,
netvipmt.com.br,50,
healthyinbox.co,50,
iiat.ru,50,
ip-15-235-54.net,50,
jhstelecom.com.br,50,
innno.net,50,
bbexcite.jp,50,
ufinet.com.gt,50,
kems.net,50,
m247.com,50,
wildpark.net,50,
reiviet.com,50,
xiaoguobx.com,50,
bdhplindia.com,50,
ctbctelecom.com.br,50,
gmaxtelecom.com.br,50,
i-net.bg,50,
telecentro-reversos.com.ar,50,
aspadmin.net,50,
wsmeet.com,50,
ruhr-uni-bochum.de,50,
rub.de,50,
online.com.kh,50,
filara.it,50,
convergeict.com,50,
guixt.com,50,
bbtec.net,50,
leon.com.pl,50,
236-105-254-113-on-nets.com,50,
a2zspot.com,50,
maranet.net.br,50,
chello.pl,50,
teezuly.com,50,
acelerate.net,50,
nesebar-lan.net,50,
2424.net,50,
seed.net.tw,50,
aigeniusapp.com,50,
digijadoo.net,50,
ztomy.com,50,
alianzaviva.net,50,
enetworksgy.com,50,
btl.net,50,
hibox.fi,50,
tedata.net,50,
uninet-ide.com.mx,50,
hamiltoncom.net,50,
ideaone.net,50,
pinke.icu,50,
ki3.org.cn,50,
ipip.net,50,
axxess.com.br,50,
oversoft-net.com.br,50,
asuscomm.com,50,
otisbirch.com,50,
networx-bg.com,50,
wxinfinity.com,50,
ridsa.com.ar,50,
firstbyte.club,50,
carnival.com.bd,50,
netvigator.com,50,
static-bbs-50-165-3-210-on-nets.com,50,
thaiherbcompany.com,50,
t3servcies.com,50,
socialaffairs.gov.lb,50,
heavensdivider.com,50,
twt1.com.tw,50,
singnet.com.sg,50,
art-coma.fr,50,
fannycatusse.online,50,
transtelco.net,50,
ljqclbj.cn,15,TWEETFEED IOC ljqclbj.cn
support.popuiarenlinea.com,15,TWEETFEED IOC support.popuiarenlinea.com
acccouun.ttxqwvn.top,15,TWEETFEED IOC acccouun.ttxqwvn.top
soporte-unicaja-app.com,15,TWEETFEED IOC soporte-unicaja-app.com
ihabitclub.com,50,
research-scanner.com,50,
sbcglobal.net,50,
microsoft.com,50,
so-net.net.tw,50,
wlink.com.np,50,
cctv-system.co.kr,50,
nwinternet.com,50,
fastwebnet.it,50,
taiwanmail.com.tw,50,
plala.or.jp,50,
ocn.ne.jp,50,
fanaptelecom.net,50,
glconect.com.br,50,
silinet.ru,50,
minet.sk,50,
lyse.net,50,
vodafone-ip.de,50,
virginm.net,50,
ucom.am,50,
ertelecom.ru,50,
starhub.net.sg,50,
cabonnet.com.br,50,
la.net.ua,50,
virtua.com.br,50,
orange.net.il,50,
well-comm.ru,50,
kyivstar.net,50,
gtplkcbpl.in,50,
bracnet.net,50,
nttpc.ne.jp,50,
umnyeseti.ru,50,
shawcable.net,50,
acessoline.net.br,50,
desetech.com.ar,50,
breezeline.net,50,
soyhond.tienda,50,
connect-to-cloud.net,50,
tienbooking.vn,50,
peramix.com,50,
punjabi-thali.com,50,
uburger.qa,50,
gdjxasp.com,50,
picardo.hr,50,
bol-online.com,50,
hypotekapozicka.sk,50,
linode.com,50,
vodafonedsl.it,50,
yuebanghulian.com,50,
myfiosgateway.com,50,
mynetworksettings.com,50,
unicatlc.net,50,
maxxifibra.com.br,50,
plug-it.com,50,
pro-internet.pl,50,
liquidtelecom.net,50,
ptd.net,50,
enilec.com,50,
telecomitalia.it,50,
internet.sx.cn,50,
oursls.com,50,
github.com,50,
radius-ois.ai,50,
vegibel.be,50,
pcextreme.nl,50,
meconv.be,50,
seigo.pl,50,
telmex.net.ar,50,
rima-tde.net,50,
colipu.com,50,
cantv.net,50,
juegopegamax.com,50,
ip-144-217-248.net,50,
net1.bg,50,
yukanet.com.br,50,
officehuddle.com,50,
voidek.in,50,
tracom.co.ke,50,
szcpersonweb.xyz,50,
ip-188-165-240.eu,50,
ntheye.com,50,
on-the-web.tv,50,
vega-ua.net,50,
cox.net,50,
studiorosell.com,50,
tagan.ru,50,
gtdinternet.com,50,
pladi.bg,50,
netins.net,50,
rodrigoerazo.com,50,
ip-15-235-2.net,50,
wangfengsblog.online,50,
serveloyalroute.com,50,
swisscom.ch,50,
my3cx.fr,50,
pie.net.pk,50,
comunitel.net,50,
grupohereda.com,50,
blademaster.club,50,
pccw-hkt.com,50,
182-airtel.com,50,
mj12bot.com,50,
jway.ma,50,
jway-services.com,50,
chimaera.dev,50,
efroshe.ir,50,
dodo.net.au,50,
inspirebroadband.net,50,
webhostbox.net,50,
welcomedcc.com,50,
webpanache.net,50,
gwgtelco.com.br,50,
jupiter.com.br,50,
f3netze.de,50,
tdatabrasil.net.br,50,
nuro.jp,50,
myuc2b.com,50,
dion.ne.jp,50,
unibuc.ro,50,
qazbilim.online,50,
pbiaas.com,50,
verizon.net,50,
redclade.org,50,
digicelbroadband.com,50,
jihulab.com,50,
vnpt.vn,50,
digitalcourage.de,50,
0du520.com,50,
roaduni.co,50,
fibertel.com.ar,50,
datapacket.com,50,
algarnetsuper.com.br,50,
underway.top,50,
astralhost.com.br,50,
astral.ovh,50,
da.direct,50,
camnet.cm,50,
zen.co.uk,50,
ljdingxin.com,50,
windowsvps.ca,50,
yxsy.work,50,
vvdncloud.com,50,
beer1903.com,50,
ip-51-38-39.eu,50,
4cloud.mobi,50,
uni-paderborn.de,50,
upb.de,50,
creolink.cm,50,
secureserver.net,50,
tpa.net.br,50,
kavenegar.com,50,
telepac.pt,50,
telemar.net.br,50,
wtt.net.hk,50,
ecloud123.com,50,
tpgi.com.au,50,
multiplay.co.uk,50,
itjaya.com,50,
jxdxtyy.top,50,
ftiier.com,50,
cirebonkab.go.id,50,
soporte-abanca-apps.com,15,TWEETFEED IOC soporte-abanca-apps.com
windstream.net,50,
inicio-bbva-incidencia.com,15,TWEETFEED IOC inicio-bbva-incidencia.com
mcm-telecom.com.mx,50,
apps-abanca-soporte.com,15,TWEETFEED IOC apps-abanca-soporte.com
app-santander-soporte.com,15,TWEETFEED IOC app-santander-soporte.com
app-caixabank-soporte.com,15,TWEETFEED IOC app-caixabank-soporte.com
app-ruralvia-soporte.com,15,TWEETFEED IOC app-ruralvia-soporte.com
app-unicaja-soporte.com,15,TWEETFEED IOC app-unicaja-soporte.com
wyattotero.com,50,
wendyllc.com,50,
trashspringield.com,50,
vaticanojoyas.com,50,
toubainfo.com,50,
tartarcusp.com,50,
stilesmcgraw.com,50,
speedyrent-sa.com,50,
socktopiashop.com,50,
schatzrestaurant.com,50,
snipsnack.com,50,
app-laboralkutxa-es.com,15,TWEETFEED IOC app-laboralkutxa-es.com
scatsexo.com,50,
rastellimeeting.com,50,
qualitygoodsforconfectioners.com,50,
petintrip.com,50,
ocalacommercialconstruction.com,50,
nutrivital-in.com,50,
nt-riccotech.com,50,
naroyaldiamonds.com,50,
mrscanology.com,50,
masterlogisticsfzco.com,50,
kiwisnowman.com,50,
hhfus.com,50,
fontshown.com,50,
gadeonclub.com,50,
focusframephoto.com,50,
essentialelearning.com,50,
eamdomai.com,50,
dodgeagonize.com,50,
dibplumber.com,50,
dermocuidado.com,50,
coexisthedge.com,50,
carshringaraligarh.com,50,
carloadspry.com,50,
beanblisscafe.com,50,
barbeariadomarfim.com,50,
avsecretarial.com,50,
atba3li.com,50,
appflyer.co,50,
4devsolutions.com,50,
app-eurocaja-web.com,15,TWEETFEED IOC app-eurocaja-web.com
app-ing-soporte.com,15,TWEETFEED IOC app-ing-soporte.com
openbank.es-info-avisos.com,15,TWEETFEED IOC openbank.es-info-avisos.com
bbva.es-info-aviso.com,15,TWEETFEED IOC bbva.es-info-aviso.com
caixabank-digital.com,15,TWEETFEED IOC caixabank-digital.com
cajamar-app-soporte.com,15,TWEETFEED IOC cajamar-app-soporte.com
abanca-info-avisos.com,15,TWEETFEED IOC abanca-info-avisos.com
abanca-proteccion.com,15,TWEETFEED IOC abanca-proteccion.com
bancamarch-digital.com,15,TWEETFEED IOC bancamarch-digital.com
evobanco-proteccion.com,15,TWEETFEED IOC evobanco-proteccion.com
eurocaja-proteccion.com,15,TWEETFEED IOC eurocaja-proteccion.com
bbva-digital.com,15,TWEETFEED IOC bbva-digital.com
shnoo.com.cn,50,
maxko.org,15,TWEETFEED IOC maxko.org
stresser.heleh.vn,15,TWEETFEED IOC stresser.heleh.vn
heleh.vn,15,TWEETFEED IOC heleh.vn
invoiceinformations.com,15,TWEETFEED IOC invoiceinformations.com
chniabank.com,15,TWEETFEED IOC chniabank.com
sishuo.com.cn,50,
flock4cvoeqm4c62gyohvmncx6ck2e7ugvyqgyxqtrumklhd5ptwzpqd.onion,15,TWEETFEED IOC flock4cvoeqm4c62gyohvmncx6ck2e7ugvyqgyxqtrumklhd5ptwzpqd.onion
aeon.jp.rekunion.com,15,TWEETFEED IOC aeon.jp.rekunion.com
aeon.jp.pyt294.com,15,TWEETFEED IOC aeon.jp.pyt294.com
fluida-teknika.com,50,
aeon.jp.ksr351.com,15,TWEETFEED IOC aeon.jp.ksr351.com
aeon.jp.hst271.com,15,TWEETFEED IOC aeon.jp.hst271.com
aeon.jp.goozmall.com,15,TWEETFEED IOC aeon.jp.goozmall.com
aeon.jp.aamkon.com,15,TWEETFEED IOC aeon.jp.aamkon.com
aeon.jp.aamgon.com,15,TWEETFEED IOC aeon.jp.aamgon.com
aeon.jp.yhy824.com,15,TWEETFEED IOC aeon.jp.yhy824.com
aeon.jp.xiy412.com,15,TWEETFEED IOC aeon.jp.xiy412.com
aeon.jp.mpu921.com,15,TWEETFEED IOC aeon.jp.mpu921.com
zlc-aa.org,50,
yzafjk.cn,15,TWEETFEED IOC yzafjk.cn
yok4hf.cn,15,TWEETFEED IOC yok4hf.cn
ynkird.cn,15,TWEETFEED IOC ynkird.cn
ylugpe.cn,15,TWEETFEED IOC ylugpe.cn
orakai.co.kr,50,
ylspxs.cn,15,TWEETFEED IOC ylspxs.cn
xunmec.cn,15,TWEETFEED IOC xunmec.cn
wzmtib.cn,15,TWEETFEED IOC wzmtib.cn
mvxuu.cn,15,TWEETFEED IOC mvxuu.cn
lyjcxs.cn,15,TWEETFEED IOC lyjcxs.cn
jxzgcl.cn,15,TWEETFEED IOC jxzgcl.cn
optonline.net,50,
hyswfw.cn,15,TWEETFEED IOC hyswfw.cn
hszzpjg.cn,15,TWEETFEED IOC hszzpjg.cn
hjggsj.cn,15,TWEETFEED IOC hjggsj.cn
gozwta.cn,15,TWEETFEED IOC gozwta.cn
donkeypi.cn,15,TWEETFEED IOC donkeypi.cn
dbhdtv.cn,15,TWEETFEED IOC dbhdtv.cn
cgucdd.cn,15,TWEETFEED IOC cgucdd.cn
ccycmow.cn,15,TWEETFEED IOC ccycmow.cn
bpjveop.cn,15,TWEETFEED IOC bpjveop.cn
blnqyrx.cn,15,TWEETFEED IOC blnqyrx.cn
baobeinet.cn,15,TWEETFEED IOC baobeinet.cn
agthmpg.cn,15,TWEETFEED IOC agthmpg.cn
89041k.cn,15,TWEETFEED IOC 89041k.cn
79cei.cn,15,TWEETFEED IOC 79cei.cn
1f9use.cn,15,TWEETFEED IOC 1f9use.cn
rqexqrm.cn,15,TWEETFEED IOC rqexqrm.cn
acconapps.appensmes.com,15,TWEETFEED IOC acconapps.appensmes.com
vsrjdy.com,15,TWEETFEED IOC vsrjdy.com
innovation-t-admin.com,50,
inno-t.shop,50,
hook-station.com,50,
ueofux.com,15,TWEETFEED IOC ueofux.com
wefenet.in,50,
thadrw.com,15,TWEETFEED IOC thadrw.com
olboysrouge.com,15,TWEETFEED IOC olboysrouge.com
nonsnoreclip.com,15,TWEETFEED IOC nonsnoreclip.com
mmgmf.com,15,TWEETFEED IOC mmgmf.com
ztemvdi.cn,15,TWEETFEED IOC ztemvdi.cn
ytevtvr.cn,15,TWEETFEED IOC ytevtvr.cn
ysxzlt.cn,15,TWEETFEED IOC ysxzlt.cn
wxscdw.cn,15,TWEETFEED IOC wxscdw.cn
wwesinn.cn,15,TWEETFEED IOC wwesinn.cn
wqzucdx.cn,15,TWEETFEED IOC wqzucdx.cn
wqiebhz.cn,15,TWEETFEED IOC wqiebhz.cn
ezp-prod1.hul.harvard.edu,15,TWEETFEED IOC ezp-prod1.hul.harvard.edu
free-hlr.com,15,TWEETFEED IOC free-hlr.com
pasajescrucerosdenorte.com,15,TWEETFEED IOC pasajescrucerosdenorte.com
0day.today,15,TWEETFEED IOC 0day.today
phyx.tv,50,
zzyzw.com,50,
viettel.vn,50,
comcastbusiness.net,50,
telia.com,50,
178.in-addr.arpa,50,
pagospyme.com,50,
telone.co.zw,50,
distributel.net,50,
ip-51-68-137.eu,50,
dumpmedia.com,50,
fonedog.com,50,
tunefab.com,50,
tunesolo.com,50,
tunesfun.com,50,
entelchile.net,50,
feromedia.eu,50,
gmobb-fix.jp,50,
disco.xyz,50,
consolidated.net,50,
googla.lol,50,
rt.ru,50,
scarlet.be,50,
citrusleafhq.com,50,
tfn.net.tw,50,
electronicamartinez.es,50,
jm373.com,50,
alpha-vynogradiv.net,50,
vf-ua.net,50,
actcorp.in,50,
ulaportal.com,50,
youtransfer.live,50,
youronlineregister.com,50,
ynetnews.press,50,
we-transfer.shop,50,
washinqtonpost.press,50,
washingtonlnstitute.org,50,
virtue-regular-ready.online,50,
viewtop.online,50,
viewstand.online,50,
view-total-step.online,50,
view-pool-cope.online,50,
view-panel.live,50,
view-cope-flow.online,50,
verify-person-entry.top,50,
vanityfaire.org,50,
ushrt.us,50,
twision.top,50,
tonpost.press,50,
title-flow-store.online,50,
timesfisrael.com,50,
themedealine.org,50,
tcvision.online,50,
sweet-pinnacle-readily.online,50,
support-account.xyz,50,
stellar-roar-right.buzz,50,
status-short.live,50,
simple-process-static.top,50,
signin-mails.com,50,
signin-myaccounts.com,50,
signin-mail.com,50,
signin-accounts.com,50,
signin-acconut.com,50,
shoting-urls.live,50,
shortulonline.live,50,
shortlinkview.live,50,
shortingurling.live,50,
shorting-ce.live,50,
shortenurl.online,50,
short-view.online,50,
short-url.live,50,
revive-project-live.online,50,
reconsider.site,50,
recognize-validation.online,50,
quomodocunquize.site,50,
panels-views-ckeck.live,50,
pannel-get-data.us,50,
paneling-viewing.live,50,
panelchecking.live,50,
panel-views-cheking.live,50,
panel-view.online,50,
panel-view.live,50,
panel-view-short.online,50,
panel-short-check.live,50,
panel-live-check.online,50,
panel-check-short.live,50,
ovcloud.online,50,
onmicrosofl.com,50,
online-processing.online,50,
online-video-services.site,50,
online-access.live,50,
nterview.site,50,
myaccount-signin.com,50,
mterview.site,50,
meeting-online.site,50,
mccainlnstitute.org,50,
mailerdaemon.online,50,
mailer-daemon.us,50,
mailer-daemon.info,50,
mail-roundcube.site,50,
maariv.net,50,
loriginal.online,50,
live-projects-online.top,50,
live-project-online.live,50,
litby.us,50,
last-check-leave.buzz,50,
ksview.top,50,
khalejtimes.org,50,
khaleejtimes.org,50,
jpostpress.com,50,
jpost.press,50,
join-paneling.online,50,
israelhayum.com,50,
indication-service.online,50,
identifier-direction.site,50,
honest-halcyon-fresher.buzz,50,
home-proceed.online,50,
home-continue.online,50,
gview.site,50,
go-forward.quest,50,
go-conversation.lol,50,
glory-uplift-vouch.online,50,
geaviews.site,50,
g-online.org,50,
fortune-retire-home.top,50,
forieqnaffairs.com,50,
foreiqnaffairs.org,50,
foreiqnaffairs.com,50,
eocnomist.com,50,
t4gc.in,50,
endorsement-services.online,50,
email-daemon.site,50,
email-daemon.online,50,
email-daemon.biz,50,
ecomonist.org,50,
drive-file-share.site,50,
drive-access.site,50,
dloffice.top,50,
dloffice.buzz,50,
daemon-mailer.info,50,
daemon-mailer.co,50,
cvisiion.online,50,
coordinate.icu,50,
continue-recognized.online,50,
continue-meeting.site,50,
connection-view.online,50,
confirmation-process.top,50,
check-short-panel.live,50,
check-panel-status.live,50,
check-pabnel-status.live,50,
check-online-panel.live,50,
chat-services.online,50,
onyphe.net,50,
businesslnsider.org,50,
briview.online,50,
bq-ledmagic.online,50,
book-download.shop,50,
bloom-flatter-affably.top,50,
bitly.org.il,50,
besvision.top,50,
beaviews.online,50,
azadlliq.info,50,
avid-striking-eagerness.online,50,
aspenlnstitute.org,50,
affect-fist-ton.online,50,
advission.online,50,
admit-roar-frame.top,50,
admiscion.online,50,
admin-stable-right.top,50,
activity-permission.online,50,
accredit-validity.online,50,
accounts-mails.com,50,
account-signin.com,50,
acconut-signin.com,50,
prima.com.ar,50,
listinghistory.ca,50,
airtel.in,50,
ooredoo.om,50,
utclonline.co.ug,50,
ipressclub.uz,50,
teksavvy.com,50,
16clouds.com,50,
wenlabs.org,50,
royaserver.com,50,
sindad.cloud,50,
asiatech.cloud,50,
googleusercontent.com,50,
kbronet.com.tw,50,
ctm.net,50,
hildapower.com,50,
zongruankj.com,50,
repositoriolegal.com,50,
myswirlapp.com,50,
cprapid.com,50,
bredband2.com,50,
maishabd.net,50,
vectant.ne.jp,50,
konradsberg.se,50,
bahnhof.se,50,
transtelecom.net,50,
itehk-services.com,50,
draytek.com,50,
a3d-desinsectisation.com,50,
freepro.com,50,
cimeonline.com,50,
m1.com.sg,50,
wbroadband.net.au,50,
hdwz.org.cn,50,
asus.com,50,
fetnet.net,50,
jiayugongxiang.top,50,
a1.hr,50,
alfatec.hr,50,
bds-it.com.hr,50,
saintgo.fr,50,
kimsufi.com,50,
sexosimf.mobi,50,
sexosimf.red,50,
sexsimf.mobi,50,
sexsimf.club,50,
sexosimf.com,50,
sexsimf.red,50,
trxnet.net.br,50,
acesolution.com.cn,50,
shlrsa.com,50,
bayuprima.com,50,
ovh.ca,50,
new-auto.net,50,
hinet.net,50,
internetbolaget.nu,50,
ctinets.com,50,
comcast.net,50,
bestelclientes.com.mx,50,
rumoz.dev,50,
spectrum.com,50,
vivozap.com.br,50,
bufferover.run,50,
jazztel.es,50,
eusaga.com.mx,50,
aeza.network,50,
kpnqwest.it,50,
sabanet.ir,50,
colocrossing.com,50,
udyogbooks.in,50,
163data.com.cn,50,
latesteventmanage.com,50,
shadowserver.org,50,
myvzw.com,50,
famesystems.de,50,
ip-51-195-211.eu,50,
hwclouds-dns.com,50,
adsl-pool.sx.cn,50,
cmcti.vn,50,
linodeusercontent.com,50,
cancercenter.kz,50,
ip-192-99-39.net,50,
gt.web.id,50,
ipnet.ua,50,
scw.cloud,50,
rcncustomer.com,50,
prosygma-cm.com,50,
goefor.pro,50,
your-server.de,50,
ubteb.go.ug,50,
bunnybrother.com,50,
multacom.com,50,
capple.top,50,
researcher93.com,50,
skanfiret.com,50,
peterbulloch.com,50,
rawafedgold.com,50,
haminehchbe2595.sbs,50,
asana.pm,50,
ukrtel.net,50,
pgadmin.link,50,
emeraldhustle.com,50,
packet-tracer.com,50,
usaliko.com,50,
any-connectcisco.com,50,
usahidify.com,50,
turkalphapro.ir,50,
hosted-by-kvmka.ru,50,
cnt-grms.ec,50,
winamp.in,50,
investing.wf,50,
jamesdorfman.com,50,
patabshire.com,50,
stark-industries.solutions,50,
contaboserver.net,50,
mgkj.vip,50,
hdgood.live,50,
poneytelecom.eu,50,
gongbang.shop,50,
gachimai.info,50,
ovh.net,50,
wmkangie.com,50,
fanjiahao.top,50,
internet-measurement.com,50,
personal.com.py,50,
imsbiz.com,50,
taxgig.com,50,
stretchoid.com,50,
xjp147.cc,50,
ddns.net,50,
iums-oic.org,50,
hostvps.it,50,
bdso.it,50,
amazonaws.com,50,
quantum.net.id,50,
arandomserver.com,50,
urll.co,50,
anaconda-dev.com,50,
liuyang520.top,50,
4vendeta.com,50,
joe1sn.top,50,
zanc.com.br,50,
johnney-load.cn,50,
shatel.ir,50,
apol.com.tw,50,
kingoflearning.com,50,
smkn4bogor.sch.id,50,
t-ipconnect.de,50,
hstgr.cloud,50,
airtelbroadband.in,50,
138.124.183.79.sslip.io,,
meet-go.org,50,
meet-go.link,,
meet-go.day,,
meet-go.click,50,
lexisnexis.day,,
hubspot.wf,50,
hubspot.pm,,
hidifypro.turkalphapro.ir,,
concur.skin,,
concur.re,,
concur.pm,50,
concur.cfd,50,
blackrock.wf,,
blackrock.re,50,
autodesk.pm,,
asana.wf,,
asana.tel,,
aimp.pm,,
aimp.day,50,
advancedipscannerapp.com,,
advanced-ip-scanner.link,,
advanced-ip-scanner.cfd,50,
7-zip.day,,
7-zip.cfd,50,
cdn1702.click,50,
cdn1701.com,,
cdn1168.net,,
cdn1124.net,,
cdn1102.com,50,
wwwlegals.com,,
www.wsj.wf,,
www.wsj.re,,
www.concur.re,,
www.concur.pm,,
www.blackrock.wf,,
wsj.wf,,
firsthive.com,50,
wsj.wales,,
wsj.re,,
wsj.pm,,
wall-street-journal.link,,
vkontakte.in,50,
pdfreader.link,50,
alshamil.net.ae,50,
eprst281.boo,,
eprst251.boo,,
cdn48f.space,,
cdn47.space,50,
cdn46.space,50,
cdn45.space,,
cdn44.space,,
cdn42.space,50,
cdn41.space,,
cdn40.click,,
cdn38.space,50,
cdn37.space,50,
cdn36.space,50,
cdn35.space,50,
cdn34.space,50,
cdn33.space,50,
cdn32.space,50,
cdn31.space,50,
cdn30.space,,
cdn27.space,,
cdn2525.com,,
cdn25.space,,
cdn1704.com,,
storage.cdn48f.space,,
statistic.cdn47.space,,
static.cdn40.click,,
msq2323232300000.online,50,
eprst431.boo,,
bogote.xyz,,
davltp.xyz,,
reviews-christians.gl.at.ply.gg,15,TWEETFEED IOC reviews-christians.gl.at.ply.gg
tkanilux.com.ua,15,TWEETFEED IOC tkanilux.com.ua
www.binarycode.vip,,
test2.tcash.sigmacomp.pl,,
cpcontacts.maasssa.duckdns.org,,
smartone.com,50,
c2.sns-labs.net,,
dexhub.pro,,
zenlayer.com,50,
appxoxo.com,,
dcftjs8112.woodensunbeds.com,,
cargillrewards.com,,
77mh.icu,,
api.data.nextb.top,,
gp.miaoys.cc,,
www.appxoxo.com,,
empames.com,,
www.paamsa.duckdns.org,,
minuoddos.xyz,,
laitheliar.duckdns.org,,
quickdatenight.duckdns.org,,
jurekas.com,50,
vosn.at,50,
checkoutallc.azurewebsites.net,50,
royalahikasri.com,50,
odeaweb.com,50,
supercilek.com,50,
