"created_at","entity_type","objectLabel","objectMarking","observable_value","updated_at","value","x_opencti_description","x_opencti_score"
"2024-08-31T12:51:22.930Z","Url","phishing","TLP:CLEAR","https://66d249dc62742664d8af06a6--charming-sawine-adb7fe.netlify.app/","2024-08-31T12:51:23.019Z","https://66d249dc62742664d8af06a6--charming-sawine-adb7fe.netlify.app/","OpenPhish URL",""
"2024-08-31T12:51:22.967Z","Url","phishing","TLP:CLEAR","https://gainingprofitpro.pages.dev/","2024-08-31T12:51:23.124Z","https://gainingprofitpro.pages.dev/","OpenPhish URL",""
"2024-08-31T12:51:23.048Z","Url","phishing","TLP:CLEAR","https://linitha-royal.github.io/Netflix-Landing-Page","2024-08-31T12:51:23.255Z","https://linitha-royal.github.io/Netflix-Landing-Page","OpenPhish URL",""
"2024-08-31T12:51:23.294Z","Url","phishing","TLP:CLEAR","http://hello-world-calm-hat-4c88.lupsayelte.workers.dev/","2024-08-31T12:51:23.601Z","http://hello-world-calm-hat-4c88.lupsayelte.workers.dev/","OpenPhish URL",""
"2024-08-31T12:51:23.614Z","Url","phishing","TLP:CLEAR","https://i-claim7.vercel.app/","2024-08-31T12:51:23.821Z","https://i-claim7.vercel.app/","OpenPhish URL",""
"2024-08-31T12:51:23.731Z","Url","phishing","TLP:CLEAR","https://telstra-108528.weeblysite.com/","2024-08-31T12:51:23.885Z","https://telstra-108528.weeblysite.com/","OpenPhish URL",""
"2024-08-31T12:51:23.894Z","Url","phishing","TLP:CLEAR","https://telstra-105823.weeblysite.com/","2024-08-31T12:51:24.223Z","https://telstra-105823.weeblysite.com/","OpenPhish URL",""
"2024-08-31T12:51:24.143Z","Url","phishing","TLP:CLEAR","https://66d2831fd497be94d6e1d2ea--loquacious-pixie-9e563f.netlify.app/","2024-08-31T12:51:24.379Z","https://66d2831fd497be94d6e1d2ea--loquacious-pixie-9e563f.netlify.app/","OpenPhish URL",""
"2024-08-31T12:51:24.331Z","Url","phishing","TLP:CLEAR","http://juno-102941.weeblysite.com/","2024-08-31T12:51:24.587Z","http://juno-102941.weeblysite.com/","OpenPhish URL",""
"2024-08-31T12:51:24.697Z","Url","phishing","TLP:CLEAR","https://v4rtlz.cyou/an1","2024-08-31T12:51:24.753Z","https://v4rtlz.cyou/an1","OpenPhish URL",""
"2024-08-31T12:51:24.771Z","Url","phishing","TLP:CLEAR","http://www.tiktw.com/","2024-08-31T12:51:24.845Z","http://www.tiktw.com/","OpenPhish URL",""
"2024-08-31T12:51:24.853Z","Url","phishing","TLP:CLEAR","http://www.yahool.ru/","2024-08-31T12:51:24.968Z","http://www.yahool.ru/","OpenPhish URL",""
"2024-08-31T12:51:24.929Z","Url","phishing","TLP:CLEAR","http://axn-one.vercel.app/","2024-08-31T12:51:25.004Z","http://axn-one.vercel.app/","OpenPhish URL",""
"2024-08-31T12:51:24.980Z","Url","phishing","TLP:CLEAR","https://mr8ahb.lat/eXP","2024-08-31T12:51:25.056Z","https://mr8ahb.lat/eXP","OpenPhish URL",""
"2024-08-31T12:51:25.125Z","Url","phishing","TLP:CLEAR","https://mr8ahb.lat/QKaA","2024-08-31T12:51:25.318Z","https://mr8ahb.lat/QKaA","OpenPhish URL",""
"2024-08-31T12:51:25.232Z","Url","phishing","TLP:CLEAR","http://coinbase-com-72295.e6zacatfuk1jofbehm.workers.dev/","2024-08-31T12:51:25.572Z","http://coinbase-com-72295.e6zacatfuk1jofbehm.workers.dev/","OpenPhish URL",""
"2024-08-31T12:51:25.233Z","Url","phishing","TLP:CLEAR","https://api-chain.pages.dev/","2024-08-31T12:51:25.573Z","https://api-chain.pages.dev/","OpenPhish URL",""
"2024-08-31T12:51:25.781Z","Url","phishing","TLP:CLEAR","http://kinekine.pages.dev/","2024-08-31T12:51:25.919Z","http://kinekine.pages.dev/","OpenPhish URL",""
"2024-08-31T12:51:25.853Z","Url","phishing","TLP:CLEAR","http://telegiamr.club/","2024-08-31T12:51:26.004Z","http://telegiamr.club/","OpenPhish URL",""
"2024-08-31T12:51:25.854Z","Url","phishing","TLP:CLEAR","https://mr8ahb.lat/SEb","2024-08-31T12:51:26.005Z","https://mr8ahb.lat/SEb","OpenPhish URL",""
"2024-08-31T12:51:26.197Z","Url","phishing","TLP:CLEAR","http://66d279a2c54e748a99eb8b73--loquacious-pixie-9e563f.netlify.app/","2024-08-31T12:51:26.423Z","http://66d279a2c54e748a99eb8b73--loquacious-pixie-9e563f.netlify.app/","OpenPhish URL",""
"2024-08-31T12:51:26.894Z","Url","phishing","TLP:CLEAR","https://whatsappsec.com/","2024-08-31T12:51:26.999Z","https://whatsappsec.com/","OpenPhish URL",""
"2024-08-31T12:51:27.504Z","Url","phishing","TLP:CLEAR","https://testsite-io7337.firebaseapp.com/","2024-08-31T12:51:28.468Z","https://testsite-io7337.firebaseapp.com/","OpenPhish URL",""
"2024-08-31T12:51:27.504Z","Url","phishing","TLP:CLEAR","https://wh-whatsapp.icu/","2024-08-31T12:51:28.570Z","https://wh-whatsapp.icu/","OpenPhish URL",""
"2024-08-31T12:51:27.981Z","Url","phishing","TLP:CLEAR","https://coinmulti-wallet.firebaseapp.com/","2024-08-31T12:51:28.571Z","https://coinmulti-wallet.firebaseapp.com/","OpenPhish URL",""
"2024-08-31T12:51:29.598Z","Url","phishing","TLP:CLEAR","https://66d2795a9886f088ed2f8c66--loquacious-pixie-9e563f.netlify.app/","2024-08-31T12:51:30.054Z","https://66d2795a9886f088ed2f8c66--loquacious-pixie-9e563f.netlify.app/","OpenPhish URL",""
"2024-08-31T12:51:29.599Z","Url","phishing","TLP:CLEAR","https://lp.cardscraze.com/xz/p108/?uclick=qex93z&uclickhash=qex93z-qex93z-twdz-0-twdz-rn6o-rndz-f88a92","2024-08-31T12:51:30.004Z","https://lp.cardscraze.com/xz/p108/?uclick=qex93z&uclickhash=qex93z-qex93z-twdz-0-twdz-rn6o-rndz-f88a92","OpenPhish URL",""
"2024-08-31T12:51:29.599Z","Url","phishing","TLP:CLEAR","https://multi-chains.firebaseapp.com/","2024-08-31T12:51:29.963Z","https://multi-chains.firebaseapp.com/","OpenPhish URL",""
"2024-08-31T12:51:30.688Z","Url","phishing","TLP:CLEAR","http://www.audentifydigital.com/","2024-08-31T12:51:30.833Z","http://www.audentifydigital.com/","OpenPhish URL",""
"2024-08-31T12:51:30.699Z","Url","phishing","TLP:CLEAR","http://telstra-100127.weeblysite.com/","2024-08-31T12:51:30.940Z","http://telstra-100127.weeblysite.com/","OpenPhish URL",""
"2024-08-31T12:51:30.700Z","Url","phishing","TLP:CLEAR","http://telstra-104325.weeblysite.com/","2024-08-31T12:51:30.942Z","http://telstra-104325.weeblysite.com/","OpenPhish URL",""
"2024-08-31T12:51:31.895Z","Url","phishing","TLP:CLEAR","https://multicoinsystemnode.firebaseapp.com/","2024-08-31T12:51:32.051Z","https://multicoinsystemnode.firebaseapp.com/","OpenPhish URL",""
"2024-08-31T12:51:31.896Z","Url","phishing","TLP:CLEAR","http://logn-maile.query7133.workers.dev/","2024-08-31T12:51:32.151Z","http://logn-maile.query7133.workers.dev/","OpenPhish URL",""
"2024-08-31T12:51:31.902Z","Url","phishing","TLP:CLEAR","https://66d29bf389fa9da58249d6b4--joyful-cupcake-4f3db5.netlify.app/","2024-08-31T12:51:32.152Z","https://66d29bf389fa9da58249d6b4--joyful-cupcake-4f3db5.netlify.app/","OpenPhish URL",""
"2024-08-31T12:51:33.018Z","Url","phishing","TLP:CLEAR","https://gouthams112.github.io/Mr-king/","2024-08-31T12:51:34.203Z","https://gouthams112.github.io/Mr-king/","OpenPhish URL",""
"2024-08-31T12:51:33.018Z","Url","phishing","TLP:CLEAR","http://icloud-recovery.support/icloud2022-esp.php/","2024-08-31T12:51:34.039Z","http://icloud-recovery.support/icloud2022-esp.php/","OpenPhish URL",""
"2024-08-31T12:51:33.018Z","Url","phishing","TLP:CLEAR","http://lphone-security.info/icloud2022-esp.php/","2024-08-31T12:51:34.204Z","http://lphone-security.info/icloud2022-esp.php/","OpenPhish URL",""
"2024-08-31T12:51:35.448Z","Url","phishing","TLP:CLEAR","http://alfdmy-acc.click/icloud2022-esp.php/","2024-08-31T12:51:35.797Z","http://alfdmy-acc.click/icloud2022-esp.php/","OpenPhish URL",""
"2024-08-31T12:51:36.047Z","Url","phishing","TLP:CLEAR","http://icloud-lphone.info/icloud2022-esp.php/","2024-08-31T12:51:36.395Z","http://icloud-lphone.info/icloud2022-esp.php/","OpenPhish URL",""
"2024-08-31T12:51:36.049Z","Url","phishing","TLP:CLEAR","http://mapas-localizacion.cfd/icloud2022-esp.php/","2024-08-31T12:51:36.743Z","http://mapas-localizacion.cfd/icloud2022-esp.php/","OpenPhish URL",""
"2024-08-31T12:51:37.141Z","Url","phishing","TLP:CLEAR","https://phy.lew.mybluehost.me/wp-content/plugins/L/LM/TU17HLK/","2024-08-31T12:51:38.413Z","https://phy.lew.mybluehost.me/wp-content/plugins/L/LM/TU17HLK/","OpenPhish URL",""
"2024-08-31T12:51:37.610Z","Url","phishing","TLP:CLEAR","https://hemanth-kumar-p.github.io/E-comm","2024-08-31T12:51:38.606Z","https://hemanth-kumar-p.github.io/E-comm","OpenPhish URL",""
"2024-08-31T12:51:39.207Z","Url","phishing","TLP:CLEAR","https://www.askozvar.sk/wp-admin/maint/particuliers-sg.fricd-cboindex-authsec/rxSzWTx3TRsj1O5MghLJkjMYFPXGW2q1BLTysxQ4c0GKxZ45arKQynx/","2024-08-31T12:51:39.349Z","https://www.askozvar.sk/wp-admin/maint/particuliers-sg.fricd-cboindex-authsec/rxSzWTx3TRsj1O5MghLJkjMYFPXGW2q1BLTysxQ4c0GKxZ45arKQynx/","OpenPhish URL",""
"2024-08-31T12:51:39.986Z","Url","phishing","TLP:CLEAR","https://whatsapp-kfzx.com/","2024-08-31T12:51:40.210Z","https://whatsapp-kfzx.com/","OpenPhish URL",""
"2024-08-31T12:51:39.997Z","Url","phishing","TLP:CLEAR","http://scratch-netflix.ng-2ff.workers.dev/","2024-08-31T12:51:40.149Z","http://scratch-netflix.ng-2ff.workers.dev/","OpenPhish URL",""
"2024-08-31T12:51:40.762Z","Url","phishing","TLP:CLEAR","https://bfb76b24ef4f39994db41677dff3eb5ffaa8600730bf804477ddba0f4e.pages.dev/","2024-08-31T12:51:40.900Z","https://bfb76b24ef4f39994db41677dff3eb5ffaa8600730bf804477ddba0f4e.pages.dev/","OpenPhish URL",""
"2024-08-31T12:51:41.549Z","Url","phishing","TLP:CLEAR","http://www.uyapdosyasorgula.com/e-devlet/","2024-08-31T12:51:41.688Z","http://www.uyapdosyasorgula.com/e-devlet/","OpenPhish URL",""
"2024-08-31T12:51:41.549Z","Url","phishing","TLP:CLEAR","http://www.chacararecantodosol.com.br/wp-admin/js/milissa/swisssa2024/swisscom/index2.php","2024-08-31T12:51:41.696Z","http://www.chacararecantodosol.com.br/wp-admin/js/milissa/swisssa2024/swisscom/index2.php","OpenPhish URL",""
"2024-08-31T12:51:42.315Z","Url","phishing","TLP:CLEAR","https://danadompetdigital.zesty.my.id/","2024-08-31T12:51:42.440Z","https://danadompetdigital.zesty.my.id/","OpenPhish URL",""
"2024-08-31T12:51:43.068Z","Url","phishing","TLP:CLEAR","https://server478.github.io/orx","2024-08-31T12:51:43.235Z","https://server478.github.io/orx","OpenPhish URL",""
"2024-08-31T12:51:43.068Z","Url","phishing","TLP:CLEAR","https://server478.github.io/orv","2024-08-31T12:51:43.235Z","https://server478.github.io/orv","OpenPhish URL",""
"2024-08-31T12:51:43.161Z","Url","phishing","TLP:CLEAR","http://airbnb-clone-sepia-seven.vercel.app/","2024-08-31T12:51:43.423Z","http://airbnb-clone-sepia-seven.vercel.app/","OpenPhish URL",""
"2024-08-31T12:51:44.574Z","Url","phishing","TLP:CLEAR","https://basic-bundle-dark-block-b923.eleanorhill1971.workers.dev/","2024-08-31T12:51:45.223Z","https://basic-bundle-dark-block-b923.eleanorhill1971.workers.dev/","OpenPhish URL",""
"2024-08-31T12:51:44.575Z","Url","phishing","TLP:CLEAR","http://pub-c39e46791d8d4e0ebd67c5f455321073.r2.dev/index.html","2024-08-31T12:51:45.499Z","http://pub-c39e46791d8d4e0ebd67c5f455321073.r2.dev/index.html","OpenPhish URL",""
"2024-08-31T12:51:44.579Z","Url","phishing","TLP:CLEAR","https://pub-3da87f25372d4e5c900f408fab87b2cc.r2.dev/wetrans-chat/index.html","2024-08-31T12:51:45.493Z","https://pub-3da87f25372d4e5c900f408fab87b2cc.r2.dev/wetrans-chat/index.html","OpenPhish URL",""
"2024-08-31T12:51:47.522Z","Url","phishing","TLP:CLEAR","https://krafton-skin.events-games.com/","2024-08-31T12:51:47.550Z","https://krafton-skin.events-games.com/","OpenPhish URL",""
"2024-08-31T12:51:47.548Z","Url","phishing","TLP:CLEAR","http://zimrinilog.gitbook.io/us","2024-08-31T12:51:47.605Z","http://zimrinilog.gitbook.io/us","OpenPhish URL",""
"2024-08-31T12:51:47.551Z","Url","phishing","TLP:CLEAR","http://66d2490efd705263164286fb--charming-sawine-adb7fe.netlify.app/","2024-08-31T12:51:47.753Z","http://66d2490efd705263164286fb--charming-sawine-adb7fe.netlify.app/","OpenPhish URL",""
"2024-08-31T12:51:48.494Z","Url","phishing","TLP:CLEAR","http://cin-baaseprologix.gitbook.io/us","2024-08-31T12:51:48.644Z","http://cin-baaseprologix.gitbook.io/us","OpenPhish URL",""
"2024-08-31T12:51:49.359Z","Url","phishing","TLP:CLEAR","https://cors.discordworker-cfb.workers.dev/","2024-08-31T12:51:49.447Z","https://cors.discordworker-cfb.workers.dev/","OpenPhish URL",""
"2024-08-31T12:51:49.359Z","Url","phishing","TLP:CLEAR","http://pub-fa2faedb5c694fb19b1fc181cf051cea.r2.dev/index.html","2024-08-31T12:51:49.450Z","http://pub-fa2faedb5c694fb19b1fc181cf051cea.r2.dev/index.html","OpenPhish URL",""
"2024-08-31T12:51:50.402Z","Url","phishing","TLP:CLEAR","https://dixterfyplatform.pages.dev/","2024-08-31T12:51:51.446Z","https://dixterfyplatform.pages.dev/","OpenPhish URL",""
"2024-08-31T12:51:51.727Z","Url","phishing","TLP:CLEAR","http://metamiiklogia.gitbook.io/us","2024-08-31T12:51:51.857Z","http://metamiiklogia.gitbook.io/us","OpenPhish URL",""
"2024-08-31T12:51:52.507Z","Url","phishing","TLP:CLEAR","https://free.stulive.com/","2024-08-31T12:51:52.713Z","https://free.stulive.com/","OpenPhish URL",""
"2024-08-31T12:51:52.520Z","Url","phishing","TLP:CLEAR","http://pub-4594170d59e1420294c17f88ab2fc81e.r2.dev/index.html","2024-08-31T12:51:52.810Z","http://pub-4594170d59e1420294c17f88ab2fc81e.r2.dev/index.html","OpenPhish URL",""
"2024-08-31T12:51:53.303Z","Url","phishing","TLP:CLEAR","http://pub-5ad78922363d4a128861ffd45c7bae37.r2.dev/index.html","2024-08-31T12:51:53.476Z","http://pub-5ad78922363d4a128861ffd45c7bae37.r2.dev/index.html","OpenPhish URL",""
"2024-08-31T12:51:54.039Z","Url","phishing","TLP:CLEAR","http://pub-235921a9313b4e01b4f24ec9ef945d44.r2.dev/index.html","2024-08-31T12:51:54.211Z","http://pub-235921a9313b4e01b4f24ec9ef945d44.r2.dev/index.html","OpenPhish URL",""
"2024-08-31T12:51:54.039Z","Url","phishing","TLP:CLEAR","https://metamasklousgin.gitbook.io/","2024-08-31T12:51:54.172Z","https://metamasklousgin.gitbook.io/","OpenPhish URL",""
"2024-08-31T12:51:54.772Z","Url","phishing","TLP:CLEAR","http://basicoinprologinus.gitbook.io/us","2024-08-31T12:51:55.487Z","http://basicoinprologinus.gitbook.io/us","OpenPhish URL",""
"2024-08-31T12:51:55.415Z","Url","phishing","TLP:CLEAR","https://metmaskiloz.gitbook.io/","2024-08-31T12:51:55.817Z","https://metmaskiloz.gitbook.io/","OpenPhish URL",""
"2024-08-31T12:51:55.415Z","Url","phishing","TLP:CLEAR","http://baseprocoinlogen.gitbook.io/us","2024-08-31T12:51:55.981Z","http://baseprocoinlogen.gitbook.io/us","OpenPhish URL",""
"2024-08-31T12:51:56.785Z","Url","phishing","TLP:CLEAR","http://pub-38fa7709498a46f7aa357def2d9c8d97.r2.dev/index.html","2024-08-31T12:51:57.162Z","http://pub-38fa7709498a46f7aa357def2d9c8d97.r2.dev/index.html","OpenPhish URL",""
"2024-08-31T12:51:57.500Z","Url","phishing","TLP:CLEAR","http://pub-4ef5a5e6cc4a4498baa4aadbea4df574.r2.dev/index.html","2024-08-31T12:51:57.754Z","http://pub-4ef5a5e6cc4a4498baa4aadbea4df574.r2.dev/index.html","OpenPhish URL",""
"2024-08-31T12:51:57.500Z","Url","phishing","TLP:CLEAR","http://pub-639070cfb2a844be8fbc4a2a91242fcb.r2.dev/index.html","2024-08-31T12:51:57.884Z","http://pub-639070cfb2a844be8fbc4a2a91242fcb.r2.dev/index.html","OpenPhish URL",""
"2024-08-31T12:51:58.996Z","Url","phishing","TLP:CLEAR","http://pub-cf70c8ff274546f1afffdbae1725c339.r2.dev/edited.html","2024-08-31T12:51:59.117Z","http://pub-cf70c8ff274546f1afffdbae1725c339.r2.dev/edited.html","OpenPhish URL",""
"2024-08-31T12:51:58.996Z","Url","phishing","TLP:CLEAR","http://metaasklogin.gitbook.io/trade","2024-08-31T12:51:59.117Z","http://metaasklogin.gitbook.io/trade","OpenPhish URL",""
"2024-08-31T12:51:58.996Z","Url","phishing","TLP:CLEAR","http://cn.manbet196.com/home/register","2024-08-31T12:51:59.115Z","http://cn.manbet196.com/home/register","OpenPhish URL",""
"2024-08-31T12:52:00.228Z","Url","phishing","TLP:CLEAR","https://xn--9krs5qgl1aizd.com/","2024-08-31T12:52:00.466Z","https://xn--9krs5qgl1aizd.com/","OpenPhish URL",""
"2024-08-31T12:52:00.228Z","Url","phishing","TLP:CLEAR","http://ericjswanson.com/wp-admin/wp/Camelon_upadate/index.html","2024-08-31T12:52:00.462Z","http://ericjswanson.com/wp-admin/wp/Camelon_upadate/index.html","OpenPhish URL",""
"2024-08-31T12:52:00.228Z","Url","phishing","TLP:CLEAR","http://mithamasklogin.gitbook.io/us","2024-08-31T12:52:00.437Z","http://mithamasklogin.gitbook.io/us","OpenPhish URL",""
"2024-08-31T12:52:01.833Z","Url","phishing","TLP:CLEAR","https://bafkreiec6pfwvrwi5nwbt6qcn3j32mr7sp6kygeqsegbfoycsjx62sxgei.ipfs.dweb.link/","2024-08-31T12:52:02.532Z","https://bafkreiec6pfwvrwi5nwbt6qcn3j32mr7sp6kygeqsegbfoycsjx62sxgei.ipfs.dweb.link/","OpenPhish URL",""
"2024-08-31T12:52:01.845Z","Url","phishing","TLP:CLEAR","http://pub-1f6eb1dee0cb430894854e27a19a83be.r2.dev/index.html","2024-08-31T12:52:02.533Z","http://pub-1f6eb1dee0cb430894854e27a19a83be.r2.dev/index.html","OpenPhish URL",""
"2024-08-31T12:52:01.857Z","Url","phishing","TLP:CLEAR","http://metamiaasak-lohingng.gitbook.io/us","2024-08-31T12:52:02.533Z","http://metamiaasak-lohingng.gitbook.io/us","OpenPhish URL",""
"2024-08-31T12:52:03.390Z","Url","phishing","TLP:CLEAR","http://pub-95c5ead8d67f460ca228805103b5d21e.r2.dev/index.html","2024-08-31T12:52:04.029Z","http://pub-95c5ead8d67f460ca228805103b5d21e.r2.dev/index.html","OpenPhish URL",""
"2024-08-31T12:52:03.394Z","Url","phishing","TLP:CLEAR","http://pub-9fe53a5473034732aa00c7f1159a675c.r2.dev/index.html","2024-08-31T12:52:04.129Z","http://pub-9fe53a5473034732aa00c7f1159a675c.r2.dev/index.html","OpenPhish URL",""
"2024-08-31T12:52:03.775Z","Url","phishing","TLP:CLEAR","http://rmhc.or.id/teamrmhc/vp2","2024-08-31T12:52:04.242Z","http://rmhc.or.id/teamrmhc/vp2","OpenPhish URL",""
"2024-08-31T12:52:05.323Z","Url","phishing","TLP:CLEAR","http://pub-294b3ed8fa6e4c71af38c190967ed3ea.r2.dev/index.html","2024-08-31T12:52:05.888Z","http://pub-294b3ed8fa6e4c71af38c190967ed3ea.r2.dev/index.html","OpenPhish URL",""
"2024-08-31T12:52:05.323Z","Url","phishing","TLP:CLEAR","https://att-105877.weeblysite.com/","2024-08-31T12:52:05.928Z","https://att-105877.weeblysite.com/","OpenPhish URL",""
"2024-08-31T12:52:05.330Z","Url","phishing","TLP:CLEAR","https://mainnetsprotocol.pages.dev/","2024-08-31T12:52:05.929Z","https://mainnetsprotocol.pages.dev/","OpenPhish URL",""
"2024-08-31T12:52:07.041Z","Url","phishing","TLP:CLEAR","http://ipfs.io/ipfs/QmWEztznRJviwsrSdmDQpYB69bpHv7m13mWAXRuJWSgfL9/","2024-08-31T12:52:07.703Z","http://ipfs.io/ipfs/QmWEztznRJviwsrSdmDQpYB69bpHv7m13mWAXRuJWSgfL9/","OpenPhish URL",""
"2024-08-31T12:52:07.622Z","Url","phishing","TLP:CLEAR","http://pub-34ef152cd54645d6bfb59e199b493be6.r2.dev/index.html","2024-08-31T12:52:07.817Z","http://pub-34ef152cd54645d6bfb59e199b493be6.r2.dev/index.html","OpenPhish URL",""
"2024-08-31T12:52:07.638Z","Url","phishing","TLP:CLEAR","https://cloudss-union-1015.ulceeerrbkonln.workers.dev/","2024-08-31T12:52:07.818Z","https://cloudss-union-1015.ulceeerrbkonln.workers.dev/","OpenPhish URL",""
"2024-08-31T12:52:08.999Z","Url","phishing","TLP:CLEAR","http://home-wallttconnssct.gitbook.io/us","2024-08-31T12:52:09.097Z","http://home-wallttconnssct.gitbook.io/us","OpenPhish URL",""
"2024-08-31T12:52:09.018Z","Url","phishing","TLP:CLEAR","http://pub-afc0ea81682d4703b7a8875e659de61e.r2.dev/index.html","2024-08-31T12:52:09.156Z","http://pub-afc0ea81682d4703b7a8875e659de61e.r2.dev/index.html","OpenPhish URL",""
"2024-08-31T12:52:09.019Z","Url","phishing","TLP:CLEAR","https://forrealminds.com/","2024-08-31T12:52:09.165Z","https://forrealminds.com/","OpenPhish URL",""
"2024-08-31T12:52:10.260Z","Url","phishing","TLP:CLEAR","http://pub-3c79fb72b0de4bd8bbb33fa2d2b68a94.r2.dev/index.html","2024-08-31T12:52:10.366Z","http://pub-3c79fb72b0de4bd8bbb33fa2d2b68a94.r2.dev/index.html","OpenPhish URL",""
"2024-08-31T12:52:10.859Z","Url","phishing","TLP:CLEAR","http://www.skyispatudyog.com/","2024-08-31T12:52:11.171Z","http://www.skyispatudyog.com/","OpenPhish URL",""
"2024-08-31T12:52:10.859Z","Url","phishing","TLP:CLEAR","https://barosinusitis.shop/","2024-08-31T12:52:11.170Z","https://barosinusitis.shop/","OpenPhish URL",""
"2024-08-31T12:52:11.491Z","Url","phishing","TLP:CLEAR","http://unibotclaim.pages.dev/","2024-08-31T12:52:11.622Z","http://unibotclaim.pages.dev/","OpenPhish URL",""
"2024-08-31T12:52:11.551Z","Url","phishing","TLP:CLEAR","https://pub-034a44a5dde64824834a539c36a9fa94.r2.dev/index.html","2024-08-31T12:52:11.697Z","https://pub-034a44a5dde64824834a539c36a9fa94.r2.dev/index.html","OpenPhish URL",""
"2024-08-31T12:52:11.555Z","Url","phishing","TLP:CLEAR","https://mtienaskk-wallet.gitbook.io/","2024-08-31T12:52:11.711Z","https://mtienaskk-wallet.gitbook.io/","OpenPhish URL",""
"2024-08-31T12:52:12.763Z","Url","phishing","TLP:CLEAR","https://wordpress-white-jackal-abdoferdi028648054.codeanyapp.com/12/12/","2024-08-31T12:52:12.855Z","https://wordpress-white-jackal-abdoferdi028648054.codeanyapp.com/12/12/","OpenPhish URL",""
"2024-08-31T12:52:12.764Z","Url","phishing","TLP:CLEAR","https://pub-cbf5134528224215a6fb50904907282f.r2.dev/llituxz.html","2024-08-31T12:52:12.856Z","https://pub-cbf5134528224215a6fb50904907282f.r2.dev/llituxz.html","OpenPhish URL",""
"2024-08-31T12:52:12.764Z","Url","phishing","TLP:CLEAR","https://wordpress-white-jackal-abdoferdi028648054.codeanyapp.com/12/12/paiement.php","2024-08-31T12:52:12.857Z","https://wordpress-white-jackal-abdoferdi028648054.codeanyapp.com/12/12/paiement.php","OpenPhish URL",""
"2024-08-31T12:52:13.689Z","Url","phishing","TLP:CLEAR","https://wordpress-white-jackal-abdoferdi028648054.codeanyapp.com/12/12/3dsec.php","2024-08-31T12:52:14.112Z","https://wordpress-white-jackal-abdoferdi028648054.codeanyapp.com/12/12/3dsec.php","OpenPhish URL",""
"2024-08-31T12:52:14.050Z","Url","phishing","TLP:CLEAR","https://wordpress-white-jackal-abdoferdi028648054.codeanyapp.com/12/12/3dsece.php","2024-08-31T12:52:14.229Z","https://wordpress-white-jackal-abdoferdi028648054.codeanyapp.com/12/12/3dsece.php","OpenPhish URL",""
"2024-08-31T12:52:14.051Z","Url","phishing","TLP:CLEAR","http://travelab.app/myGov/","2024-08-31T12:52:14.230Z","http://travelab.app/myGov/","OpenPhish URL",""
"2024-08-31T12:52:15.086Z","Url","phishing","TLP:CLEAR","http://travelab.app/myGov/index2.html","2024-08-31T12:52:15.319Z","http://travelab.app/myGov/index2.html","OpenPhish URL",""
"2024-08-31T12:52:15.194Z","Url","phishing","TLP:CLEAR","http://travelab.app/myGov/otp.html","2024-08-31T12:52:15.482Z","http://travelab.app/myGov/otp.html","OpenPhish URL",""
"2024-08-31T12:52:15.587Z","Url","phishing","TLP:CLEAR","http://travelab.app/myGov/personal.html","2024-08-31T12:52:15.663Z","http://travelab.app/myGov/personal.html","OpenPhish URL",""
"2024-08-31T12:52:16.331Z","Url","phishing","TLP:CLEAR","http://travelab.app/myGov/otp2.html","2024-08-31T12:52:16.408Z","http://travelab.app/myGov/otp2.html","OpenPhish URL",""
"2024-08-31T12:52:16.331Z","Url","phishing","TLP:CLEAR","http://9377221.awex.my.id/","2024-08-31T12:52:16.409Z","http://9377221.awex.my.id/","OpenPhish URL",""
"2024-08-31T12:52:16.354Z","Url","phishing","TLP:CLEAR","http://pub-8f3b4a51164646a08c0c30921c2d8d82.r2.dev/index.html","2024-08-31T12:52:16.410Z","http://pub-8f3b4a51164646a08c0c30921c2d8d82.r2.dev/index.html","OpenPhish URL",""
"2024-08-31T12:52:17.517Z","Url","phishing","TLP:CLEAR","http://pub-a6d891fbc327420f854a23f337d68746.r2.dev/index.html","2024-08-31T12:52:17.539Z","http://pub-a6d891fbc327420f854a23f337d68746.r2.dev/index.html","OpenPhish URL",""
"2024-08-31T12:52:17.526Z","Url","phishing","TLP:CLEAR","http://pub-4729d06f1dbd437caf7339ce58493701.r2.dev/index.html","2024-08-31T12:52:17.587Z","http://pub-4729d06f1dbd437caf7339ce58493701.r2.dev/index.html","OpenPhish URL",""
"2024-08-31T12:52:17.527Z","Url","phishing","TLP:CLEAR","http://pub-f7732d7e2bc7411fbdcb3cb32938afac.r2.dev/bea153.html","2024-08-31T12:52:17.587Z","http://pub-f7732d7e2bc7411fbdcb3cb32938afac.r2.dev/bea153.html","OpenPhish URL",""
"2024-08-31T12:52:18.847Z","Url","phishing","TLP:CLEAR","https://att-103198-102089.weeblysite.com/","2024-08-31T12:52:19.082Z","https://att-103198-102089.weeblysite.com/","OpenPhish URL",""
"2024-08-31T12:52:18.847Z","Url","phishing","TLP:CLEAR","http://pub-f72693a3f2604232a8bd5b3b9743ca2d.r2.dev/index.html","2024-08-31T12:52:19.075Z","http://pub-f72693a3f2604232a8bd5b3b9743ca2d.r2.dev/index.html","OpenPhish URL",""
"2024-08-31T12:52:18.847Z","Url","phishing","TLP:CLEAR","http://pub-db3457b4dd99405e8ba9e011a8fa2185.r2.dev/index.html","2024-08-31T12:52:18.914Z","http://pub-db3457b4dd99405e8ba9e011a8fa2185.r2.dev/index.html","OpenPhish URL",""
"2024-08-31T12:52:19.854Z","Url","phishing","TLP:CLEAR","https://btbroadbandbillservlce.weebly.com/","2024-08-31T12:52:20.021Z","https://btbroadbandbillservlce.weebly.com/","OpenPhish URL",""
"2024-08-31T12:52:20.240Z","Url","phishing","TLP:CLEAR","https://codeakio.github.io/","2024-08-31T12:52:20.311Z","https://codeakio.github.io/","OpenPhish URL",""
"2024-08-31T12:52:20.240Z","Url","phishing","TLP:CLEAR","https://icopro.net/","2024-08-31T12:52:20.311Z","https://icopro.net/","OpenPhish URL",""
"2024-08-31T12:52:20.937Z","Url","phishing","TLP:CLEAR","https://914488.com/","2024-08-31T12:52:20.992Z","https://914488.com/","OpenPhish URL",""
"2024-08-31T12:52:21.616Z","Url","phishing","TLP:CLEAR","https://shop-line.vip/home","2024-08-31T12:52:21.837Z","https://shop-line.vip/home","OpenPhish URL",""
"2024-08-31T12:52:21.617Z","Url","phishing","TLP:CLEAR","http://66d24e7f1cdaae689995425e--jazzy-cheesecake-1fed56.netlify.app/","2024-08-31T12:52:21.838Z","http://66d24e7f1cdaae689995425e--jazzy-cheesecake-1fed56.netlify.app/","OpenPhish URL",""
"2024-08-31T12:52:22.353Z","Url","phishing","TLP:CLEAR","http://pub-0548ae5628094f1597bdc7a23ba749cb.r2.dev/qap.html","2024-08-31T12:52:22.398Z","http://pub-0548ae5628094f1597bdc7a23ba749cb.r2.dev/qap.html","OpenPhish URL",""
"2024-08-31T12:52:22.913Z","Url","phishing","TLP:CLEAR","http://pub-b340bb8e0a5f4bcb94f7e4bd1c7e0145.r2.dev/index.html","2024-08-31T12:52:22.935Z","http://pub-b340bb8e0a5f4bcb94f7e4bd1c7e0145.r2.dev/index.html","OpenPhish URL",""
"2024-08-31T12:52:22.913Z","Url","phishing","TLP:CLEAR","http://pub-4a6b450944be40d4b0e568da4b49bd8b.r2.dev/index.html","2024-08-31T12:52:22.994Z","http://pub-4a6b450944be40d4b0e568da4b49bd8b.r2.dev/index.html","OpenPhish URL",""
"2024-08-31T12:52:22.941Z","Url","phishing","TLP:CLEAR","http://aktivasiakundana.host-mail.my.id/","2024-08-31T12:52:22.994Z","http://aktivasiakundana.host-mail.my.id/","OpenPhish URL",""
"2024-08-31T12:52:24.118Z","Url","phishing","TLP:CLEAR","http://pub-8e177d99278c409ea9a4c47a7cec25a7.r2.dev/index.html","2024-08-31T12:52:24.194Z","http://pub-8e177d99278c409ea9a4c47a7cec25a7.r2.dev/index.html","OpenPhish URL",""
"2024-08-31T12:52:24.119Z","Url","phishing","TLP:CLEAR","http://pub-162a9c6132154263b7ace17a8b681143.r2.dev/index.html","2024-08-31T12:52:24.193Z","http://pub-162a9c6132154263b7ace17a8b681143.r2.dev/index.html","OpenPhish URL",""
"2024-08-31T12:52:24.122Z","Url","phishing","TLP:CLEAR","http://pub-a3d3fc2664c9440a88e6fe93d30517c5.r2.dev/index.html","2024-08-31T12:52:24.194Z","http://pub-a3d3fc2664c9440a88e6fe93d30517c5.r2.dev/index.html","OpenPhish URL",""
"2024-08-31T12:52:24.973Z","Url","phishing","TLP:CLEAR","http://pub-09341f449f614a2ea3640cf31a310d8e.r2.dev/index.html","2024-08-31T12:52:25.167Z","http://pub-09341f449f614a2ea3640cf31a310d8e.r2.dev/index.html","OpenPhish URL",""
"2024-08-31T12:52:25.302Z","Url","phishing","TLP:CLEAR","http://pub-5f5151b62f21488c8a6a186659b0e5f3.r2.dev/index.html","2024-08-31T12:52:25.357Z","http://pub-5f5151b62f21488c8a6a186659b0e5f3.r2.dev/index.html","OpenPhish URL",""
"2024-08-31T12:52:25.303Z","Url","phishing","TLP:CLEAR","http://pub-1fceb155743745458cfafc4c80d12cb4.r2.dev/index.html","2024-08-31T12:52:25.356Z","http://pub-1fceb155743745458cfafc4c80d12cb4.r2.dev/index.html","OpenPhish URL",""
"2024-08-31T12:52:25.876Z","Url","phishing","TLP:CLEAR","http://pub-7939c4661e5a4d42b00f10507cd7b6b1.r2.dev/index.html","2024-08-31T12:52:25.891Z","http://pub-7939c4661e5a4d42b00f10507cd7b6b1.r2.dev/index.html","OpenPhish URL",""
"2024-08-31T12:52:25.933Z","Url","phishing","TLP:CLEAR","http://66d24b1c0a8c10644e8a57d0--jazzy-cheesecake-1fed56.netlify.app/","2024-08-31T12:52:26.060Z","http://66d24b1c0a8c10644e8a57d0--jazzy-cheesecake-1fed56.netlify.app/","OpenPhish URL",""
"2024-08-31T12:52:26.499Z","Url","phishing","TLP:CLEAR","https://dweb.link/ipfs/bafkreiez5fruf76wbn4zuz2mrdg5rbop7ws5qj5zv47vf4325scrvya6by","2024-08-31T12:52:26.545Z","https://dweb.link/ipfs/bafkreiez5fruf76wbn4zuz2mrdg5rbop7ws5qj5zv47vf4325scrvya6by","OpenPhish URL",""
"2024-08-31T12:52:26.505Z","Url","phishing","TLP:CLEAR","https://dweb.link/ipfs/bafkreigrzdcc2ivmg5d6mmck7g6k3l3isla4gewfe73is6ehmht3xfxoai","2024-08-31T12:52:26.546Z","https://dweb.link/ipfs/bafkreigrzdcc2ivmg5d6mmck7g6k3l3isla4gewfe73is6ehmht3xfxoai","OpenPhish URL",""
"2024-08-31T12:52:27.184Z","Url","phishing","TLP:CLEAR","https://zoologyexperiments.com/","2024-08-31T12:52:27.235Z","https://zoologyexperiments.com/","OpenPhish URL",""
"2024-08-31T12:52:27.762Z","Url","phishing","TLP:CLEAR","http://telegramee.work/","2024-08-31T12:52:27.811Z","http://telegramee.work/","OpenPhish URL",""
"2024-08-31T12:52:27.762Z","Url","phishing","TLP:CLEAR","http://telegramee.club/","2024-08-31T12:52:27.811Z","http://telegramee.club/","OpenPhish URL",""
"2024-08-31T12:52:28.341Z","Url","phishing","TLP:CLEAR","http://telegramee.fit/","2024-08-31T12:52:28.361Z","http://telegramee.fit/","OpenPhish URL",""
"2024-08-31T12:52:28.913Z","Url","phishing","TLP:CLEAR","https://www.174-138-33-227.cprapid.com/","2024-08-31T12:52:28.965Z","https://www.174-138-33-227.cprapid.com/","OpenPhish URL",""
"2024-08-31T12:52:28.913Z","Url","phishing","TLP:CLEAR","https://www.174-138-33-227.cprapid.com/login.php","2024-08-31T12:52:28.965Z","https://www.174-138-33-227.cprapid.com/login.php","OpenPhish URL",""
"2024-08-31T12:52:29.145Z","Url","phishing","TLP:CLEAR","https://wordpress-white-jackal-abdoferdi028648054.codeanyapp.com/12/12/infospage.php","2024-08-31T12:52:29.330Z","https://wordpress-white-jackal-abdoferdi028648054.codeanyapp.com/12/12/infospage.php","OpenPhish URL",""
"2024-08-31T12:52:29.528Z","Url","phishing","TLP:CLEAR","http://www.me-qr.com/PtTt0MiK/","2024-08-31T12:52:29.573Z","http://www.me-qr.com/PtTt0MiK/","OpenPhish URL",""
"2024-08-31T12:52:30.108Z","Url","phishing","TLP:CLEAR","http://66d246c57f08f46140b2fbbe--dazzling-biscuit-9b6701.netlify.app/","2024-08-31T12:52:30.157Z","http://66d246c57f08f46140b2fbbe--dazzling-biscuit-9b6701.netlify.app/","OpenPhish URL",""
"2024-08-31T12:52:30.108Z","Url","phishing","TLP:CLEAR","http://pub-a1b8be2f6df24cecb214e6e2ab1d3b19.r2.dev/ix.html","2024-08-31T12:52:30.158Z","http://pub-a1b8be2f6df24cecb214e6e2ab1d3b19.r2.dev/ix.html","OpenPhish URL",""
"2024-08-31T12:52:30.762Z","Url","phishing","TLP:CLEAR","http://kavyadivine07.github.io/netflix","2024-08-31T12:52:30.795Z","http://kavyadivine07.github.io/netflix","OpenPhish URL",""
"2024-08-31T12:52:31.125Z","Url","phishing","TLP:CLEAR","http://pub-69fdb59d847f452ba34c722aead0466b.r2.dev/bea102.html","2024-08-31T12:52:31.328Z","http://pub-69fdb59d847f452ba34c722aead0466b.r2.dev/bea102.html","OpenPhish URL",""
"2024-08-31T12:52:31.464Z","Url","phishing","TLP:CLEAR","http://bafkreia6d7gpdhhd7eohongfvrfib6gmt6kyqbjr2bqhwe5k56kfc2h3jq.ipfs.dweb.link/","2024-08-31T12:52:31.481Z","http://bafkreia6d7gpdhhd7eohongfvrfib6gmt6kyqbjr2bqhwe5k56kfc2h3jq.ipfs.dweb.link/","OpenPhish URL",""
"2024-08-31T12:52:31.490Z","Url","phishing","TLP:CLEAR","https://apples-helpful-24x7.vercel.app/","2024-08-31T12:52:31.549Z","https://apples-helpful-24x7.vercel.app/","OpenPhish URL",""
"2024-08-31T12:52:32.304Z","Url","phishing","TLP:CLEAR","http://www.telegvcram.com/","2024-08-31T12:52:32.337Z","http://www.telegvcram.com/","OpenPhish URL",""
"2024-08-31T12:52:32.333Z","Url","phishing","TLP:CLEAR","https://spring-wind-f19a.wosymnstanat6825.workers.dev/favicon.ico","2024-08-31T12:52:32.402Z","https://spring-wind-f19a.wosymnstanat6825.workers.dev/favicon.ico","OpenPhish URL",""
"2024-08-31T12:52:32.338Z","Url","phishing","TLP:CLEAR","https://midaasbuy.freewebhostmost.com/","2024-08-31T12:52:32.403Z","https://midaasbuy.freewebhostmost.com/","OpenPhish URL",""
"2024-08-31T12:52:33.356Z","Url","phishing","TLP:CLEAR","https://www.web-telegram.growthukraine.com/","2024-08-31T12:52:33.681Z","https://www.web-telegram.growthukraine.com/","OpenPhish URL",""
"2024-08-31T12:52:33.894Z","Url","phishing","TLP:CLEAR","http://pub-3e5383f7ac2f40cb882a087c007a13cd.r2.dev/0nedrivedocs.html","2024-08-31T12:52:33.957Z","http://pub-3e5383f7ac2f40cb882a087c007a13cd.r2.dev/0nedrivedocs.html","OpenPhish URL",""
"2024-08-31T12:52:33.895Z","Url","phishing","TLP:CLEAR","https://worker-still-feather-5f91.updatinges039090.workers.dev/favicon.ico","2024-08-31T12:52:33.957Z","https://worker-still-feather-5f91.updatinges039090.workers.dev/favicon.ico","OpenPhish URL",""
"2024-08-31T12:52:34.584Z","Url","phishing","TLP:CLEAR","http://37667019.awex.my.id/","2024-08-31T12:52:34.637Z","http://37667019.awex.my.id/","OpenPhish URL",""
"2024-08-31T12:52:35.243Z","Url","phishing","TLP:CLEAR","http://pub-9c0c9c353a96493db4aa614b0d1f617e.r2.dev/index.htm","2024-08-31T12:52:35.304Z","http://pub-9c0c9c353a96493db4aa614b0d1f617e.r2.dev/index.htm","OpenPhish URL",""
"2024-08-31T12:52:35.243Z","Url","phishing","TLP:CLEAR","http://pub-8aba140450bd41d782024d4473a26495.r2.dev/index.html","2024-08-31T12:52:35.303Z","http://pub-8aba140450bd41d782024d4473a26495.r2.dev/index.html","OpenPhish URL",""
"2024-08-31T12:52:35.924Z","Url","phishing","TLP:CLEAR","http://pub-21241eccbf1943f3bf0dc9aa678811f9.r2.dev/index.html","2024-08-31T12:52:35.979Z","http://pub-21241eccbf1943f3bf0dc9aa678811f9.r2.dev/index.html","OpenPhish URL",""
"2024-08-31T12:52:36.654Z","Url","phishing","TLP:CLEAR","http://pub-eab628da8d80474cb6ddfac4ec880cd7.r2.dev/qs.html","2024-08-31T12:52:36.727Z","http://pub-eab628da8d80474cb6ddfac4ec880cd7.r2.dev/qs.html","OpenPhish URL",""
"2024-08-31T12:52:37.352Z","Url","phishing","TLP:CLEAR","http://pub-b522899555434c33b41bcf9cf4e17cef.r2.dev/index.html","2024-08-31T12:52:38.291Z","http://pub-b522899555434c33b41bcf9cf4e17cef.r2.dev/index.html","OpenPhish URL",""
"2024-08-31T12:52:37.352Z","Url","phishing","TLP:CLEAR","http://pub-af1f620bf59044daab0c59000a565fb0.r2.dev/qx.html","2024-08-31T12:52:38.383Z","http://pub-af1f620bf59044daab0c59000a565fb0.r2.dev/qx.html","OpenPhish URL",""
"2024-08-31T12:52:37.983Z","Url","phishing","TLP:CLEAR","http://66d241f77f08f45ca7b2fbc7--dazzling-biscuit-9b6701.netlify.app/","2024-08-31T12:52:38.381Z","http://66d241f77f08f45ca7b2fbc7--dazzling-biscuit-9b6701.netlify.app/","OpenPhish URL",""
"2024-08-31T12:52:40.070Z","Url","phishing","TLP:CLEAR","http://pub-1d34907e6da743908717e47316aef39c.r2.dev/index.html","2024-08-31T12:52:40.163Z","http://pub-1d34907e6da743908717e47316aef39c.r2.dev/index.html","OpenPhish URL",""
"2024-08-31T12:52:40.080Z","Url","phishing","TLP:CLEAR","http://pub-4bee9eb1971c454596bcb7cfc370e9d5.r2.dev/index.html","2024-08-31T12:52:40.160Z","http://pub-4bee9eb1971c454596bcb7cfc370e9d5.r2.dev/index.html","OpenPhish URL",""
"2024-08-31T12:52:40.086Z","Url","phishing","TLP:CLEAR","http://pub-fe63e116d0724b2aa98a23911e052613.r2.dev/index.html","2024-08-31T12:52:40.207Z","http://pub-fe63e116d0724b2aa98a23911e052613.r2.dev/index.html","OpenPhish URL",""
"2024-08-31T12:52:41.423Z","Url","phishing","TLP:CLEAR","https://attcurrentlysignin.weebly.com/","2024-08-31T12:52:42.169Z","https://attcurrentlysignin.weebly.com/","OpenPhish URL",""
"2024-08-31T12:52:41.436Z","Url","phishing","TLP:CLEAR","https://alfdmy-acc.click/icloud2022-esp.php","2024-08-31T12:52:42.258Z","https://alfdmy-acc.click/icloud2022-esp.php","OpenPhish URL",""
"2024-08-31T12:52:41.439Z","Url","phishing","TLP:CLEAR","http://pub-ae9baf88afe44e2596e0a4b869ab2191.r2.dev/index.html","2024-08-31T12:52:42.258Z","http://pub-ae9baf88afe44e2596e0a4b869ab2191.r2.dev/index.html","OpenPhish URL",""
"2024-08-31T12:52:43.291Z","Url","phishing","TLP:CLEAR","http://encontrar-mi-lphone.com/icloud2022-esp.php/isignesp.php/isignesp.php","2024-08-31T12:52:44.122Z","http://encontrar-mi-lphone.com/icloud2022-esp.php/isignesp.php/isignesp.php","OpenPhish URL",""
"2024-08-31T12:52:43.291Z","Url","phishing","TLP:CLEAR","https://alfdmy-acc.click/icloud2022-esp.php/isignesp.php/isignesp.php","2024-08-31T12:52:44.121Z","https://alfdmy-acc.click/icloud2022-esp.php/isignesp.php/isignesp.php","OpenPhish URL",""
"2024-08-31T12:52:43.291Z","Url","phishing","TLP:CLEAR","https://alfdmy-acc.click/icloud2022-esp.php/isignesp.php","2024-08-31T12:52:44.121Z","https://alfdmy-acc.click/icloud2022-esp.php/isignesp.php","OpenPhish URL",""
"2024-08-31T12:52:45.304Z","Url","phishing","TLP:CLEAR","https://gaa.lew.mybluehost.me/wp-admin/intesasanpaolo/web/login.php/","2024-08-31T12:52:45.921Z","https://gaa.lew.mybluehost.me/wp-admin/intesasanpaolo/web/login.php/","OpenPhish URL",""
"2024-08-31T12:52:45.310Z","Url","phishing","TLP:CLEAR","http://cobabissesignin.gitbook.io/","2024-08-31T12:52:45.914Z","http://cobabissesignin.gitbook.io/","OpenPhish URL",""
"2024-08-31T12:52:45.318Z","Url","phishing","TLP:CLEAR","https://defidevconnect.pages.dev/","2024-08-31T12:52:45.984Z","https://defidevconnect.pages.dev/","OpenPhish URL",""
"2024-08-31T12:52:47.351Z","Url","phishing","TLP:CLEAR","http://coiunbease-sigin-in.gitbook.io/","2024-08-31T12:52:47.763Z","http://coiunbease-sigin-in.gitbook.io/","OpenPhish URL",""
"2024-08-31T12:52:47.361Z","Url","phishing","TLP:CLEAR","https://sftrm.ru/bdb1f7e2-e536-43c6-9b89-f322f3c5703e/Mnrk9vX4IxTZN3Gs5SvSKN4x8AIdo~eN%5EeSRbEuxcyebiPmqWa4YD9Ju5GYOKOpd3t4~q811c~48J~5cJ78=VRND=2RroPJ2jaty","2024-08-31T12:52:47.765Z","https://sftrm.ru/bdb1f7e2-e536-43c6-9b89-f322f3c5703e/Mnrk9vX4IxTZN3Gs5SvSKN4x8AIdo~eN%5EeSRbEuxcyebiPmqWa4YD9Ju5GYOKOpd3t4~q811c~48J~5cJ78=VRND=2RroPJ2jaty","OpenPhish URL",""
"2024-08-31T12:52:47.976Z","Url","phishing","TLP:CLEAR","http://66d237d0694ce556f6985cf3--aesthetic-frangipane-068504.netlify.app/","2024-08-31T12:52:48.104Z","http://66d237d0694ce556f6985cf3--aesthetic-frangipane-068504.netlify.app/","OpenPhish URL",""
"2024-08-31T12:52:48.572Z","Url","phishing","TLP:CLEAR","http://pub-748df3a9d898488b9ad18d18680da6d2.r2.dev/index.html","2024-08-31T12:52:48.721Z","http://pub-748df3a9d898488b9ad18d18680da6d2.r2.dev/index.html","OpenPhish URL",""
"2024-08-31T12:52:48.884Z","Url","phishing","TLP:CLEAR","https://trezor-iostart-help.pages.dev/","2024-08-31T12:52:49.164Z","https://trezor-iostart-help.pages.dev/","OpenPhish URL",""
"2024-08-31T12:52:49.144Z","Url","phishing","TLP:CLEAR","https://payment-authorization-encrypted-ers.pages.dev/favicon.ico","2024-08-31T12:52:49.340Z","https://payment-authorization-encrypted-ers.pages.dev/favicon.ico","OpenPhish URL",""
"2024-08-31T12:52:49.724Z","Url","phishing","TLP:CLEAR","http://outlook-account.live.instant-updates.com/login.html","2024-08-31T12:52:49.826Z","http://outlook-account.live.instant-updates.com/login.html","OpenPhish URL",""
"2024-08-31T12:52:50.021Z","Url","phishing","TLP:CLEAR","https://post-php-flag-yellow4936.doomdns.com/fr/driver/infopage.html","2024-08-31T12:52:50.364Z","https://post-php-flag-yellow4936.doomdns.com/fr/driver/infopage.html","OpenPhish URL",""
"2024-08-31T12:52:50.354Z","Url","phishing","TLP:CLEAR","https://microsoft-copilot-porxy.askylin.workers.dev/login.srf","2024-08-31T12:52:51.187Z","https://microsoft-copilot-porxy.askylin.workers.dev/login.srf","OpenPhish URL",""
"2024-08-31T12:52:50.917Z","Url","phishing","TLP:CLEAR","https://spo.devgdmsuk.com/4b2334ae-ec32-47e8-b70e-bae6a199be1b/oauth2/authorize?client_id=00000003-0000-0ff1-ce00-000000000000&response_mode=form_post&response_type=code%20id_token&resource=00000003-0000-0ff1-ce00-000000000000&scope=openid&nonce=79B850EC08128DC61D58E00EAA3A8A97A81AFD102B8D87A0-BB48055336BE48B963EDD4116E30B83EDE0C3BA79ACA5C431B58D36AA","2024-08-31T12:52:51.926Z","https://spo.devgdmsuk.com/4b2334ae-ec32-47e8-b70e-bae6a199be1b/oauth2/authorize?client_id=00000003-0000-0ff1-ce00-000000000000&response_mode=form_post&response_type=code%20id_token&resource=00000003-0000-0ff1-ce00-000000000000&scope=openid&nonce=79B850EC08128DC61D58E00EAA3A8A97A81AFD102B8D87A0-BB48055336BE48B963EDD4116E30B83EDE0C3BA79ACA5C431B58D36AA","OpenPhish URL",""
"2024-08-31T12:52:52.533Z","Url","phishing","TLP:CLEAR","https://new-9c2.pages.dev/privacy/policy/cookienotice","2024-08-31T12:52:52.815Z","https://new-9c2.pages.dev/privacy/policy/cookienotice","OpenPhish URL",""
"2024-08-31T12:52:53.544Z","Url","phishing","TLP:CLEAR","http://meta.casepageappeal.eu/community-standard/0.5860768778872925","2024-08-31T12:52:53.633Z","http://meta.casepageappeal.eu/community-standard/0.5860768778872925","OpenPhish URL",""
"2024-08-31T12:52:54.151Z","Url","phishing","TLP:CLEAR","https://rappei-infraction.net/home/loading.php?page=index.php","2024-08-31T12:52:54.444Z","https://rappei-infraction.net/home/loading.php?page=index.php","OpenPhish URL",""
"2024-08-31T12:52:54.151Z","Url","phishing","TLP:CLEAR","https://links-dana-kgets2.b1t.biz.id/","2024-08-31T12:52:54.426Z","https://links-dana-kgets2.b1t.biz.id/","OpenPhish URL",""
"2024-08-31T12:52:54.788Z","Url","phishing","TLP:CLEAR","https://q9kdgmb91.indylatinawrds.com:8443/impact?impact=d..s..@n.*.com","2024-08-31T12:52:54.942Z","https://q9kdgmb91.indylatinawrds.com:8443/impact?impact=d..s..@n.*.com","OpenPhish URL",""
"2024-08-31T12:52:55.422Z","Url","phishing","TLP:CLEAR","https://meta.submitdisablecase.eu/community-standard/0.6151387679271265","2024-08-31T12:52:55.884Z","https://meta.submitdisablecase.eu/community-standard/0.6151387679271265","OpenPhish URL",""
"2024-08-31T12:52:55.422Z","Url","phishing","TLP:CLEAR","https://meta.submitdisablecase.eu/community-standard/0.09934070200658918","2024-08-31T12:52:55.883Z","https://meta.submitdisablecase.eu/community-standard/0.09934070200658918","OpenPhish URL",""
"2024-08-31T12:52:56.038Z","Url","phishing","TLP:CLEAR","https://lgckg.indylatinawrds.com:8443/impact?impact=s.**.p.*@n.*.com","2024-08-31T12:52:56.102Z","https://lgckg.indylatinawrds.com:8443/impact?impact=s.**.p.*@n.*.com","OpenPhish URL",""
"2024-08-31T12:52:57.255Z","Url","phishing","TLP:CLEAR","http://66d249a454293160d3dc6513--charming-sawine-adb7fe.netlify.app/","2024-08-31T12:52:58.140Z","http://66d249a454293160d3dc6513--charming-sawine-adb7fe.netlify.app/","OpenPhish URL",""
"2024-08-31T12:52:57.255Z","Url","phishing","TLP:CLEAR","https://meta.submitdisablecase.eu/community-standard/0.9611188871723225","2024-08-31T12:52:58.027Z","https://meta.submitdisablecase.eu/community-standard/0.9611188871723225","OpenPhish URL",""
"2024-08-31T12:52:57.264Z","Url","phishing","TLP:CLEAR","https://rappei-infraction.net/","2024-08-31T12:52:58.140Z","https://rappei-infraction.net/","OpenPhish URL",""
"2024-08-31T12:52:59.141Z","Url","phishing","TLP:CLEAR","http://accounts-issue-for-sub.vercel.app/","2024-08-31T12:52:59.262Z","http://accounts-issue-for-sub.vercel.app/","OpenPhish URL",""
"2024-08-31T12:52:59.149Z","Url","phishing","TLP:CLEAR","http://pay8-2v-4wkfituj8-ekontetevi-gmailcom.vercel.app/","2024-08-31T12:52:59.327Z","http://pay8-2v-4wkfituj8-ekontetevi-gmailcom.vercel.app/","OpenPhish URL",""
"2024-08-31T12:52:59.169Z","Url","phishing","TLP:CLEAR","https://cobabissesignin.gitbook.io/us","2024-08-31T12:52:59.328Z","https://cobabissesignin.gitbook.io/us","OpenPhish URL",""
"2024-08-31T12:53:00.428Z","Url","phishing","TLP:CLEAR","https://coiunbease-sigin-in.gitbook.io/us","2024-08-31T12:53:00.883Z","https://coiunbease-sigin-in.gitbook.io/us","OpenPhish URL",""
"2024-08-31T12:53:00.437Z","Url","phishing","TLP:CLEAR","https://procoubaseloginus.gitbook.io/us","2024-08-31T12:53:00.924Z","https://procoubaseloginus.gitbook.io/us","OpenPhish URL",""
"2024-08-31T12:53:00.437Z","Url","phishing","TLP:CLEAR","https://coiiibswallet-loginus.gitbook.io/us","2024-08-31T12:53:00.927Z","https://coiiibswallet-loginus.gitbook.io/us","OpenPhish URL",""
"2024-08-31T12:53:01.789Z","Url","phishing","TLP:CLEAR","https://steamcommumitty.com/","2024-08-31T12:53:01.876Z","https://steamcommumitty.com/","OpenPhish URL",""
"2024-08-31T12:53:01.789Z","Url","phishing","TLP:CLEAR","https://metamkaskloginaf.gitbook.io/trade","2024-08-31T12:53:01.875Z","https://metamkaskloginaf.gitbook.io/trade","OpenPhish URL",""
"2024-08-31T12:53:01.789Z","Url","phishing","TLP:CLEAR","https://pub-9e813a1ec50841c7909a58c7e9a9acac.r2.dev/newindex.html","2024-08-31T12:53:01.875Z","https://pub-9e813a1ec50841c7909a58c7e9a9acac.r2.dev/newindex.html","OpenPhish URL",""
"2024-08-31T12:53:02.584Z","Url","phishing","TLP:CLEAR","http://pub-0fa5df455d6c443295adbfb63efdadf2.r2.dev/iy.html","2024-08-31T12:53:03.042Z","http://pub-0fa5df455d6c443295adbfb63efdadf2.r2.dev/iy.html","OpenPhish URL",""
"2024-08-31T12:53:02.627Z","Url","phishing","TLP:CLEAR","http://pub-75da366beaec4e759d6abfad401e6892.r2.dev/index.html","2024-08-31T12:53:03.045Z","http://pub-75da366beaec4e759d6abfad401e6892.r2.dev/index.html","OpenPhish URL",""
"2024-08-31T12:53:02.628Z","Url","phishing","TLP:CLEAR","http://pub-75aff7bd04064b8ca11db28dabfe5520.r2.dev/wc.html","2024-08-31T12:53:03.045Z","http://pub-75aff7bd04064b8ca11db28dabfe5520.r2.dev/wc.html","OpenPhish URL",""
"2024-08-31T12:53:03.759Z","Url","phishing","TLP:CLEAR","http://pub-c82b7d1fce794b38a8b91e3957dc5dc5.r2.dev/klp.html","2024-08-31T12:53:04.339Z","http://pub-c82b7d1fce794b38a8b91e3957dc5dc5.r2.dev/klp.html","OpenPhish URL",""
"2024-08-31T12:53:04.392Z","Url","phishing","TLP:CLEAR","http://pub-61e93016ddf34d3db7fb6dbf67702986.r2.dev/index.html","2024-08-31T12:53:04.425Z","http://pub-61e93016ddf34d3db7fb6dbf67702986.r2.dev/index.html","OpenPhish URL",""
"2024-08-31T12:53:04.406Z","Url","phishing","TLP:CLEAR","http://pub-676be50186b44fa797145c2b6d05eba3.r2.dev/index.html","2024-08-31T12:53:04.468Z","http://pub-676be50186b44fa797145c2b6d05eba3.r2.dev/index.html","OpenPhish URL",""
"2024-08-31T12:53:04.462Z","Url","phishing","TLP:CLEAR","http://pub-e212f7030ce348ee9ef22c1f93692772.r2.dev/bea58.html","2024-08-31T12:53:04.537Z","http://pub-e212f7030ce348ee9ef22c1f93692772.r2.dev/bea58.html","OpenPhish URL",""
"2024-08-31T12:53:04.765Z","Url","phishing","TLP:CLEAR","http://pub-e199b08d966c40b38ecfbcb82c0d411c.r2.dev/index.html","2024-08-31T12:53:05.043Z","http://pub-e199b08d966c40b38ecfbcb82c0d411c.r2.dev/index.html","OpenPhish URL",""
"2024-08-31T12:53:05.321Z","Url","phishing","TLP:CLEAR","http://pub-68c26a7e083c492dae7822b6ab713211.r2.dev/index.html","2024-08-31T12:53:05.549Z","http://pub-68c26a7e083c492dae7822b6ab713211.r2.dev/index.html","OpenPhish URL",""
"2024-08-31T12:53:05.404Z","Url","phishing","TLP:CLEAR","http://pub-4dac7568f7c3434096cda8f42d81069a.r2.dev/index.html","2024-08-31T12:53:05.800Z","http://pub-4dac7568f7c3434096cda8f42d81069a.r2.dev/index.html","OpenPhish URL",""
"2024-08-31T12:53:06.008Z","Url","phishing","TLP:CLEAR","http://pub-04e6e76aa68e43dfa41537f3ada39115.r2.dev/sy.html","2024-08-31T12:53:06.040Z","http://pub-04e6e76aa68e43dfa41537f3ada39115.r2.dev/sy.html","OpenPhish URL",""
"2024-08-31T12:53:06.711Z","Url","phishing","TLP:CLEAR","http://pub-149d4d9c6d584b858c08016d778c9c30.r2.dev/index.html","2024-08-31T12:53:06.771Z","http://pub-149d4d9c6d584b858c08016d778c9c30.r2.dev/index.html","OpenPhish URL",""
"2024-08-31T12:53:06.712Z","Url","phishing","TLP:CLEAR","http://bafkreihszn57npdvge56h6nftx6td6hfmuv2i4vpolmnepbtmpsvna2a7u.ipfs.dweb.link/","2024-08-31T12:53:06.771Z","http://bafkreihszn57npdvge56h6nftx6td6hfmuv2i4vpolmnepbtmpsvna2a7u.ipfs.dweb.link/","OpenPhish URL",""
"2024-08-31T12:53:07.041Z","Url","phishing","TLP:CLEAR","http://teiegram.erbys3pvf.top/","2024-08-31T12:53:07.201Z","http://teiegram.erbys3pvf.top/","OpenPhish URL",""
"2024-08-31T12:53:08.139Z","Url","phishing","TLP:CLEAR","https://vxe4.ru.com/","2024-08-31T12:53:08.212Z","https://vxe4.ru.com/","OpenPhish URL",""
"2024-08-31T12:53:08.139Z","Url","phishing","TLP:CLEAR","http://pub-14db1b3f6926456ca92a8e0ab035203a.r2.dev/index.html","2024-08-31T12:53:08.174Z","http://pub-14db1b3f6926456ca92a8e0ab035203a.r2.dev/index.html","OpenPhish URL",""
"2024-08-31T12:53:08.172Z","Url","phishing","TLP:CLEAR","http://pub-2431a48aaa7046ba8539f597e01f0b31.r2.dev/okayy.html","2024-08-31T12:53:08.213Z","http://pub-2431a48aaa7046ba8539f597e01f0b31.r2.dev/okayy.html","OpenPhish URL",""
"2024-08-31T12:53:09.452Z","Url","phishing","TLP:CLEAR","http://pub-77df98259b4542448ce4d1ead679c942.r2.dev/index.html","2024-08-31T12:53:09.521Z","http://pub-77df98259b4542448ce4d1ead679c942.r2.dev/index.html","OpenPhish URL",""
"2024-08-31T12:53:09.452Z","Url","phishing","TLP:CLEAR","http://pub-4d2b5dc50e1a4a649e40de2a122e99fd.r2.dev/index.html","2024-08-31T12:53:09.521Z","http://pub-4d2b5dc50e1a4a649e40de2a122e99fd.r2.dev/index.html","OpenPhish URL",""
"2024-08-31T12:53:09.464Z","Url","phishing","TLP:CLEAR","http://pub-1c88714629be49ffacaf819313428383.r2.dev/index.html","2024-08-31T12:53:09.522Z","http://pub-1c88714629be49ffacaf819313428383.r2.dev/index.html","OpenPhish URL",""
"2024-08-31T12:53:10.870Z","Url","phishing","TLP:CLEAR","http://planetodoo.kinsta.cloud/metamask","2024-08-31T12:53:10.956Z","http://planetodoo.kinsta.cloud/metamask","OpenPhish URL",""
"2024-08-31T12:53:10.870Z","Url","phishing","TLP:CLEAR","http://pub-826fe2e8b93d4380aa175b44f97bd652.r2.dev/hcvcdex.html","2024-08-31T12:53:10.908Z","http://pub-826fe2e8b93d4380aa175b44f97bd652.r2.dev/hcvcdex.html","OpenPhish URL",""
"2024-08-31T12:53:10.870Z","Url","phishing","TLP:CLEAR","http://pub-f2e16d8adb2942e88c96f0c1ac366ec1.r2.dev/maybez.html","2024-08-31T12:53:10.956Z","http://pub-f2e16d8adb2942e88c96f0c1ac366ec1.r2.dev/maybez.html","OpenPhish URL",""
"2024-08-31T12:53:12.241Z","Url","phishing","TLP:CLEAR","http://pub-cd91661b203a49fab6866e902fe1c03e.r2.dev/index.html","2024-08-31T12:53:12.397Z","http://pub-cd91661b203a49fab6866e902fe1c03e.r2.dev/index.html","OpenPhish URL",""
"2024-08-31T12:53:12.241Z","Url","phishing","TLP:CLEAR","http://pub-c8190d91acc14cf6b49ba44dafc171ae.r2.dev/index.html","2024-08-31T12:53:12.396Z","http://pub-c8190d91acc14cf6b49ba44dafc171ae.r2.dev/index.html","OpenPhish URL",""
"2024-08-31T12:53:12.241Z","Url","phishing","TLP:CLEAR","http://pub-cf0da0cce1f9462dbbf5e6fbf4605f80.r2.dev/fdghjkzx.html","2024-08-31T12:53:12.344Z","http://pub-cf0da0cce1f9462dbbf5e6fbf4605f80.r2.dev/fdghjkzx.html","OpenPhish URL",""
"2024-08-31T12:53:12.897Z","Url","phishing","TLP:CLEAR","http://pub-9095a9efcc104e769e0c534b6791c711.r2.dev/index.html","2024-08-31T12:53:13.522Z","http://pub-9095a9efcc104e769e0c534b6791c711.r2.dev/index.html","OpenPhish URL",""
"2024-08-31T12:53:14.086Z","Url","phishing","TLP:CLEAR","https://server478.github.io/mail","2024-08-31T12:53:14.562Z","https://server478.github.io/mail","OpenPhish URL",""
"2024-08-31T12:53:14.332Z","Url","phishing","TLP:CLEAR","http://sanfranciscoce.com/cgibiin","2024-08-31T12:53:14.642Z","http://sanfranciscoce.com/cgibiin","OpenPhish URL",""
"2024-08-31T12:53:14.684Z","Url","phishing","TLP:CLEAR","http://meta.casepageappeal.eu/community-standard/0.02304142486032479","2024-08-31T12:53:14.811Z","http://meta.casepageappeal.eu/community-standard/0.02304142486032479","OpenPhish URL",""
"2024-08-31T12:53:15.317Z","Url","phishing","TLP:CLEAR","https://ew8y7koyw.indylatinawrds.com:8443/impact?impact=3.*@b.c","2024-08-31T12:53:15.763Z","https://ew8y7koyw.indylatinawrds.com:8443/impact?impact=3.*@b.c","OpenPhish URL",""
"2024-08-31T12:53:15.582Z","Url","phishing","TLP:CLEAR","http://check.business-minagne.com/","2024-08-31T12:53:15.815Z","http://check.business-minagne.com/","OpenPhish URL",""
"2024-08-31T12:53:15.925Z","Url","phishing","TLP:CLEAR","https://66d269e481978d7db9d2f230--unrivaled-otter-a2717e.netlify.app/","2024-08-31T12:53:16.012Z","https://66d269e481978d7db9d2f230--unrivaled-otter-a2717e.netlify.app/","OpenPhish URL",""
"2024-08-31T12:53:16.530Z","Url","phishing","TLP:CLEAR","http://vercel-merge-apps.pages.dev/","2024-08-31T12:53:17.471Z","http://vercel-merge-apps.pages.dev/","OpenPhish URL",""
"2024-08-31T12:53:16.537Z","Url","phishing","TLP:CLEAR","http://toicya.org/officebox/office-3D8/","2024-08-31T12:53:17.706Z","http://toicya.org/officebox/office-3D8/","OpenPhish URL",""
"2024-08-31T12:53:17.104Z","Url","phishing","TLP:CLEAR","https://xfgyyuopp.weebly.com/","2024-08-31T12:53:17.705Z","https://xfgyyuopp.weebly.com/","OpenPhish URL",""
"2024-08-31T12:53:18.713Z","Url","phishing","TLP:CLEAR","https://payuapp.mom/","2024-08-31T12:53:18.828Z","https://payuapp.mom/","OpenPhish URL",""
"2024-08-31T12:53:18.720Z","Url","phishing","TLP:CLEAR","http://submit.zmahannia-zhyvopysu.cfd/","2024-08-31T12:53:18.830Z","http://submit.zmahannia-zhyvopysu.cfd/","OpenPhish URL",""
"2024-08-31T12:53:18.730Z","Url","phishing","TLP:CLEAR","http://office365services.online/login_main.asp","2024-08-31T12:53:18.829Z","http://office365services.online/login_main.asp","OpenPhish URL",""
"2024-08-31T12:53:20.068Z","Url","phishing","TLP:CLEAR","https://atlasbluep4dev.wpengine.com/identity/spoofi/Issued/settings","2024-08-31T12:53:20.235Z","https://atlasbluep4dev.wpengine.com/identity/spoofi/Issued/settings","OpenPhish URL",""
"2024-08-31T12:53:20.069Z","Url","phishing","TLP:CLEAR","https://mtsk-sonuc.com/giriss.php/","2024-08-31T12:53:20.195Z","https://mtsk-sonuc.com/giriss.php/","OpenPhish URL",""
"2024-08-31T12:53:20.084Z","Url","phishing","TLP:CLEAR","https://ertnqwermqw.net/edevlet.php/","2024-08-31T12:53:20.236Z","https://ertnqwermqw.net/edevlet.php/","OpenPhish URL",""
"2024-08-31T12:53:21.180Z","Url","phishing","TLP:CLEAR","https://manager-settings.com/","2024-08-31T12:53:21.721Z","https://manager-settings.com/","OpenPhish URL",""
"2024-08-31T12:53:21.181Z","Url","phishing","TLP:CLEAR","https://spotnawakacje.pl/logowanie.php","2024-08-31T12:53:21.815Z","https://spotnawakacje.pl/logowanie.php","OpenPhish URL",""
"2024-08-31T12:53:21.183Z","Url","phishing","TLP:CLEAR","https://www.metarnask-io.fm5ab.org/","2024-08-31T12:53:21.816Z","https://www.metarnask-io.fm5ab.org/","OpenPhish URL",""
"2024-08-31T12:53:22.343Z","Url","phishing","TLP:CLEAR","https://teiegrams-es.org/","2024-08-31T12:53:22.480Z","https://teiegrams-es.org/","OpenPhish URL",""
"2024-08-31T12:53:22.967Z","Url","phishing","TLP:CLEAR","https://pub-09af2f41c2ef4a45801fd8df9de2487e.r2.dev/ghy65sdff34569uuh/index.html","2024-08-31T12:53:23.053Z","https://pub-09af2f41c2ef4a45801fd8df9de2487e.r2.dev/ghy65sdff34569uuh/index.html","OpenPhish URL",""
"2024-08-31T12:53:22.976Z","Url","phishing","TLP:CLEAR","https://berrugate.monster/lander/sber","2024-08-31T12:53:23.077Z","https://berrugate.monster/lander/sber","OpenPhish URL",""
"2024-08-31T12:53:23.713Z","Url","phishing","TLP:CLEAR","http://pub-4c265c0717e54addaf76db73d3a4a629.r2.dev/index.html","2024-08-31T12:53:24.113Z","http://pub-4c265c0717e54addaf76db73d3a4a629.r2.dev/index.html","OpenPhish URL",""
"2024-08-31T12:53:24.686Z","Url","phishing","TLP:CLEAR","http://supports-store.shop/icloud2022-esp.php/","2024-08-31T12:53:24.927Z","http://supports-store.shop/icloud2022-esp.php/","OpenPhish URL",""
"2024-08-31T12:53:24.686Z","Url","phishing","TLP:CLEAR","http://pub-08eef1ab3cdf44fba4be3653ab2a03bb.r2.dev/index.html","2024-08-31T12:53:24.929Z","http://pub-08eef1ab3cdf44fba4be3653ab2a03bb.r2.dev/index.html","OpenPhish URL",""
"2024-08-31T12:53:25.421Z","Url","phishing","TLP:CLEAR","http://pub-0b5a05907eec4cc19ffc4a9089d9f84a.r2.dev/index.html","2024-08-31T12:53:26.275Z","http://pub-0b5a05907eec4cc19ffc4a9089d9f84a.r2.dev/index.html","OpenPhish URL",""
"2024-08-31T12:53:26.107Z","Url","phishing","TLP:CLEAR","http://outlook-account.live.instant-updates.com/","2024-08-31T12:53:26.502Z","http://outlook-account.live.instant-updates.com/","OpenPhish URL",""
"2024-08-31T12:53:26.107Z","Url","phishing","TLP:CLEAR","https://end.owh.temporary.site/manage/tracking/fV5EjH/msg.php?id=79073635","2024-08-31T12:53:26.504Z","https://end.owh.temporary.site/manage/tracking/fV5EjH/msg.php?id=79073635","OpenPhish URL",""
"2024-08-31T12:53:27.402Z","Url","phishing","TLP:CLEAR","https://end.owh.temporary.site/manage/tracking/?pwd=dhl","2024-08-31T12:53:27.531Z","https://end.owh.temporary.site/manage/tracking/?pwd=dhl","OpenPhish URL",""
"2024-08-31T12:53:27.403Z","Url","phishing","TLP:CLEAR","https://www.kraftpaints.ro/","2024-08-31T12:53:27.588Z","https://www.kraftpaints.ro/","OpenPhish URL",""
"2024-08-31T12:53:28.006Z","Url","phishing","TLP:CLEAR","http://encontrar-mi-lphone.com/isignesp.php?id=","2024-08-31T12:53:28.177Z","http://encontrar-mi-lphone.com/isignesp.php?id=","OpenPhish URL",""
"2024-08-31T12:53:28.648Z","Url","phishing","TLP:CLEAR","https://lcloud-login.info/isignesp.php?id=","2024-08-31T12:53:28.751Z","https://lcloud-login.info/isignesp.php?id=","OpenPhish URL",""
"2024-08-31T12:53:28.658Z","Url","phishing","TLP:CLEAR","http://www-flndmy-lphone.com/icloud2022-esp.php/isignesp.php/isignesp.php","2024-08-31T12:53:28.753Z","http://www-flndmy-lphone.com/icloud2022-esp.php/isignesp.php/isignesp.php","OpenPhish URL",""
"2024-08-31T12:53:29.412Z","Url","phishing","TLP:CLEAR","https://talacentershop.com/srvcamz.php/","2024-08-31T12:53:29.745Z","https://talacentershop.com/srvcamz.php/","OpenPhish URL",""
"2024-08-31T12:53:29.947Z","Url","phishing","TLP:CLEAR","http://www.shorter.me/ws9N8/","2024-08-31T12:53:30.072Z","http://www.shorter.me/ws9N8/","OpenPhish URL",""
"2024-08-31T12:53:29.951Z","Url","phishing","TLP:CLEAR","https://faithful-tarry-basket.glitch.me/index.htm","2024-08-31T12:53:30.073Z","https://faithful-tarry-basket.glitch.me/index.htm","OpenPhish URL",""
"2024-08-31T12:53:30.555Z","Url","phishing","TLP:CLEAR","http://www.euzlasmaportal.com/sorgu/","2024-08-31T12:53:30.687Z","http://www.euzlasmaportal.com/sorgu/","OpenPhish URL",""
"2024-08-31T12:53:30.831Z","Url","phishing","TLP:CLEAR","http://www.telegarm-a.org/","2024-08-31T12:53:31.141Z","http://www.telegarm-a.org/","OpenPhish URL",""
"2024-08-31T12:53:30.832Z","Url","phishing","TLP:CLEAR","https://yhz.pages.dev/%5C%5C%5C%5C%5C%5C%5Chttps:%5C%5C/%5C%5C/t.myvisualiq.net%5C%5C/impression_pixel?r=739915162","2024-08-31T12:53:31.141Z","https://yhz.pages.dev/%5C%5C%5C%5C%5C%5C%5Chttps:%5C%5C/%5C%5C/t.myvisualiq.net%5C%5C/impression_pixel?r=739915162","OpenPhish URL",""
"2024-08-31T12:53:31.197Z","Url","phishing","TLP:CLEAR","https://at-t-mail-7dee09.webflow.io/","2024-08-31T12:53:31.431Z","https://at-t-mail-7dee09.webflow.io/","OpenPhish URL",""
"2024-08-31T12:53:32.413Z","Url","phishing","TLP:CLEAR","http://micrsoftalerts.com/landing/form/04739946-5e42-42d8-844c-d3ff739fde4c","2024-08-31T12:53:33.057Z","http://micrsoftalerts.com/landing/form/04739946-5e42-42d8-844c-d3ff739fde4c","OpenPhish URL",""
"2024-08-31T12:53:32.413Z","Url","phishing","TLP:CLEAR","http://pub-bec39bc8ae2545f4b1f18be0ee0eca8e.r2.dev/bea269.html","2024-08-31T12:53:33.056Z","http://pub-bec39bc8ae2545f4b1f18be0ee0eca8e.r2.dev/bea269.html","OpenPhish URL",""
"2024-08-31T12:53:32.413Z","Url","phishing","TLP:CLEAR","http://yourcompany.webadmin-email.net/education_redirect_second/8c5781c2-7b1e-4035-b1d7-990e269e5380","2024-08-31T12:53:33.057Z","http://yourcompany.webadmin-email.net/education_redirect_second/8c5781c2-7b1e-4035-b1d7-990e269e5380","OpenPhish URL",""
"2024-08-31T12:53:33.638Z","Url","phishing","TLP:CLEAR","http://bagi-hadiah-dagetz2.x-id3.my.id/","2024-08-31T12:53:33.871Z","http://bagi-hadiah-dagetz2.x-id3.my.id/","OpenPhish URL",""
"2024-08-31T12:53:33.664Z","Url","phishing","TLP:CLEAR","http://pub-e7e6698956ce422d91a934223d2dabfd.r2.dev/index.html","2024-08-31T12:53:33.908Z","http://pub-e7e6698956ce422d91a934223d2dabfd.r2.dev/index.html","OpenPhish URL",""
"2024-08-31T12:53:33.665Z","Url","phishing","TLP:CLEAR","http://pub-68ac2605c9714a418c44640f71b139da.r2.dev/index.html","2024-08-31T12:53:33.909Z","http://pub-68ac2605c9714a418c44640f71b139da.r2.dev/index.html","OpenPhish URL",""
"2024-08-31T12:53:34.939Z","Url","phishing","TLP:CLEAR","http://pub-4c47ee8a86ef4f7698f7cf8e54a0d983.r2.dev/index.html","2024-08-31T12:53:35.597Z","http://pub-4c47ee8a86ef4f7698f7cf8e54a0d983.r2.dev/index.html","OpenPhish URL",""
"2024-08-31T12:53:34.939Z","Url","phishing","TLP:CLEAR","http://pub-b3bb5c7add1343499e959551a11cfd68.r2.dev/index.html","2024-08-31T12:53:35.491Z","http://pub-b3bb5c7add1343499e959551a11cfd68.r2.dev/index.html","OpenPhish URL",""
"2024-08-31T12:53:34.940Z","Url","phishing","TLP:CLEAR","http://pub-5e7144ae36e64d3abc0df3246a9b412d.r2.dev/be134.html","2024-08-31T12:53:35.596Z","http://pub-5e7144ae36e64d3abc0df3246a9b412d.r2.dev/be134.html","OpenPhish URL",""
"2024-08-31T12:53:36.260Z","Url","phishing","TLP:CLEAR","http://pub-cec2c769e7424225875847093b63e672.r2.dev/index.html","2024-08-31T12:53:36.373Z","http://pub-cec2c769e7424225875847093b63e672.r2.dev/index.html","OpenPhish URL",""
"2024-08-31T12:53:36.944Z","Url","phishing","TLP:CLEAR","http://pub-abbf00e31c0d4122a6ff9385bb6109dc.r2.dev/index.html","2024-08-31T12:53:37.186Z","http://pub-abbf00e31c0d4122a6ff9385bb6109dc.r2.dev/index.html","OpenPhish URL",""
"2024-08-31T12:53:36.951Z","Url","phishing","TLP:CLEAR","http://pub-0e4702a7cfbe43f997e6fcee82dcf0b0.r2.dev/index.html","2024-08-31T12:53:37.190Z","http://pub-0e4702a7cfbe43f997e6fcee82dcf0b0.r2.dev/index.html","OpenPhish URL",""
"2024-08-31T12:53:37.634Z","Url","phishing","TLP:CLEAR","http://pub-bdcfad837fd9402b94071809dbe170d9.r2.dev/qal.html","2024-08-31T12:53:37.712Z","http://pub-bdcfad837fd9402b94071809dbe170d9.r2.dev/qal.html","OpenPhish URL",""
"2024-08-31T12:53:38.241Z","Url","phishing","TLP:CLEAR","http://pub-7ec832c2b4774bd29bd37910a66a2fe6.r2.dev/hpyepry.html","2024-08-31T12:53:38.322Z","http://pub-7ec832c2b4774bd29bd37910a66a2fe6.r2.dev/hpyepry.html","OpenPhish URL",""
"2024-08-31T12:53:38.262Z","Url","phishing","TLP:CLEAR","http://pub-0d2dae33ce214ad48b9649f78dc919e5.r2.dev/index.html","2024-08-31T12:53:38.388Z","http://pub-0d2dae33ce214ad48b9649f78dc919e5.r2.dev/index.html","OpenPhish URL",""
"2024-08-31T12:53:38.890Z","Url","phishing","TLP:CLEAR","http://pub-9f0febef4d444425959662c028942be8.r2.dev/spit4.html","2024-08-31T12:53:39.469Z","http://pub-9f0febef4d444425959662c028942be8.r2.dev/spit4.html","OpenPhish URL",""
"2024-08-31T12:53:39.130Z","Url","phishing","TLP:CLEAR","http://pub-ae9b38e190a34b1e9d1d5c4452db1a28.r2.dev/b56.html","2024-08-31T12:53:39.533Z","http://pub-ae9b38e190a34b1e9d1d5c4452db1a28.r2.dev/b56.html","OpenPhish URL",""
"2024-08-31T12:53:39.521Z","Url","phishing","TLP:CLEAR","http://pub-566b9477755743ac8d3f7ce21d735a68.r2.dev/hx90.html","2024-08-31T12:53:39.591Z","http://pub-566b9477755743ac8d3f7ce21d735a68.r2.dev/hx90.html","OpenPhish URL",""
"2024-08-31T12:53:40.428Z","Url","phishing","TLP:CLEAR","http://pub-960aab83c2c3417298fc7d54c190aee0.r2.dev/wertssx.html","2024-08-31T12:53:41.338Z","http://pub-960aab83c2c3417298fc7d54c190aee0.r2.dev/wertssx.html","OpenPhish URL",""
"2024-08-31T12:53:40.431Z","Url","phishing","TLP:CLEAR","http://pub-bb403275e61d4b5bbfa3820c808423cb.r2.dev/index.html","2024-08-31T12:53:41.644Z","http://pub-bb403275e61d4b5bbfa3820c808423cb.r2.dev/index.html","OpenPhish URL",""
"2024-08-31T12:53:40.432Z","Url","phishing","TLP:CLEAR","http://pub-0c716a0b84164eff88c26766fe5472d7.r2.dev/index.html","2024-08-31T12:53:41.642Z","http://pub-0c716a0b84164eff88c26766fe5472d7.r2.dev/index.html","OpenPhish URL",""
"2024-08-31T12:53:43.351Z","Url","phishing","TLP:CLEAR","http://pub-e8421ec26c2f4ac18e90776cba279523.r2.dev/fit.html","2024-08-31T12:53:43.511Z","http://pub-e8421ec26c2f4ac18e90776cba279523.r2.dev/fit.html","OpenPhish URL",""
"2024-08-31T12:53:43.980Z","Url","phishing","TLP:CLEAR","http://netflix-clone-git.vercel.app/","2024-08-31T12:53:44.339Z","http://netflix-clone-git.vercel.app/","OpenPhish URL",""
"2024-08-31T12:53:43.983Z","Url","phishing","TLP:CLEAR","http://pub-7ab8139b0869401689a4172e7fdb4e44.r2.dev/dewsqed.html","2024-08-31T12:53:44.340Z","http://pub-7ab8139b0869401689a4172e7fdb4e44.r2.dev/dewsqed.html","OpenPhish URL",""
"2024-08-31T12:53:44.579Z","Url","phishing","TLP:CLEAR","http://pub-5ea63e2153f54ba9b121c1636994d3b6.r2.dev/index.html","2024-08-31T12:53:44.653Z","http://pub-5ea63e2153f54ba9b121c1636994d3b6.r2.dev/index.html","OpenPhish URL",""
"2024-08-31T12:53:45.110Z","Url","phishing","TLP:CLEAR","http://pub-7feecc4ca53544b1a9b399192de32d8c.r2.dev/index.html","2024-08-31T12:53:45.255Z","http://pub-7feecc4ca53544b1a9b399192de32d8c.r2.dev/index.html","OpenPhish URL",""
"2024-08-31T12:53:45.136Z","Url","phishing","TLP:CLEAR","http://pub-037e3d86214d4d4dbb56b5c263f6c82a.r2.dev/o.html","2024-08-31T12:53:45.318Z","http://pub-037e3d86214d4d4dbb56b5c263f6c82a.r2.dev/o.html","OpenPhish URL",""
"2024-08-31T12:53:45.694Z","Url","phishing","TLP:CLEAR","https://edinolusa.web.app/","2024-08-31T12:53:45.995Z","https://edinolusa.web.app/","OpenPhish URL",""
"2024-08-31T12:53:46.226Z","Url","phishing","TLP:CLEAR","https://accountservicemailboxupdated.weebly.com/","2024-08-31T12:53:46.380Z","https://accountservicemailboxupdated.weebly.com/","OpenPhish URL",""
"2024-08-31T12:53:46.228Z","Url","phishing","TLP:CLEAR","https://edinolusa.firebaseapp.com/","2024-08-31T12:53:46.338Z","https://edinolusa.firebaseapp.com/","OpenPhish URL",""
"2024-08-31T12:53:46.766Z","Url","phishing","TLP:CLEAR","https://hrdgesfwa-2de6c.web.app/","2024-08-31T12:53:46.935Z","https://hrdgesfwa-2de6c.web.app/","OpenPhish URL",""
"2024-08-31T12:53:46.784Z","Url","phishing","TLP:CLEAR","https://gwadfawd.firebaseapp.com/","2024-08-31T12:53:47.122Z","https://gwadfawd.firebaseapp.com/","OpenPhish URL",""
"2024-08-31T12:53:47.171Z","Url","phishing","TLP:CLEAR","https://hrdgesfwa-2de6c.firebaseapp.com/","2024-08-31T12:53:47.491Z","https://hrdgesfwa-2de6c.firebaseapp.com/","OpenPhish URL",""
"2024-08-31T12:53:47.909Z","Url","phishing","TLP:CLEAR","https://gwadfawd.web.app/","2024-08-31T12:53:48.457Z","https://gwadfawd.web.app/","OpenPhish URL",""
"2024-08-31T12:53:48.402Z","Url","phishing","TLP:CLEAR","https://gwagawwda345.firebaseapp.com/","2024-08-31T12:53:48.643Z","https://gwagawwda345.firebaseapp.com/","OpenPhish URL",""
"2024-08-31T12:53:48.402Z","Url","phishing","TLP:CLEAR","https://gwagawwda345.web.app/","2024-08-31T12:53:48.760Z","https://gwagawwda345.web.app/","OpenPhish URL",""
"2024-08-31T12:53:49.462Z","Url","phishing","TLP:CLEAR","http://pub-26881119efd34aec94ccb6e3ba15daf1.r2.dev/login.htm","2024-08-31T12:53:49.553Z","http://pub-26881119efd34aec94ccb6e3ba15daf1.r2.dev/login.htm","OpenPhish URL",""
"2024-08-31T12:53:49.466Z","Url","phishing","TLP:CLEAR","http://pub-fefc8a8881094893bce606a6cecbf8c0.r2.dev/index.html","2024-08-31T12:53:49.554Z","http://pub-fefc8a8881094893bce606a6cecbf8c0.r2.dev/index.html","OpenPhish URL",""
"2024-08-31T12:53:49.470Z","Url","phishing","TLP:CLEAR","https://pagesp258.web.app/","2024-08-31T12:53:49.647Z","https://pagesp258.web.app/","OpenPhish URL",""
"2024-08-31T12:53:50.445Z","Url","phishing","TLP:CLEAR","https://pagesp258.firebaseapp.com/","2024-08-31T12:53:50.612Z","https://pagesp258.firebaseapp.com/","OpenPhish URL",""
"2024-08-31T12:53:50.445Z","Url","phishing","TLP:CLEAR","https://pagesp2982.firebaseapp.com/","2024-08-31T12:53:50.547Z","https://pagesp2982.firebaseapp.com/","OpenPhish URL",""
"2024-08-31T12:53:50.446Z","Url","phishing","TLP:CLEAR","http://pub-18bc75b2e8ba4243ba0dea4c1293facc.r2.dev/index.html","2024-08-31T12:53:50.612Z","http://pub-18bc75b2e8ba4243ba0dea4c1293facc.r2.dev/index.html","OpenPhish URL",""
"2024-08-31T12:53:51.382Z","Url","phishing","TLP:CLEAR","http://pub-2ec61f07c6b2462fabde9e20bffc17fa.r2.dev/bea236.html","2024-08-31T12:53:52.238Z","http://pub-2ec61f07c6b2462fabde9e20bffc17fa.r2.dev/bea236.html","OpenPhish URL",""
"2024-08-31T12:53:51.382Z","Url","phishing","TLP:CLEAR","https://pagesp2982.web.app/","2024-08-31T12:53:52.159Z","https://pagesp2982.web.app/","OpenPhish URL",""
"2024-08-31T12:53:51.509Z","Url","phishing","TLP:CLEAR","http://pub-6a8acb1a39824cb9bc26bf4b05aadbe6.r2.dev/index.html","2024-08-31T12:53:52.240Z","http://pub-6a8acb1a39824cb9bc26bf4b05aadbe6.r2.dev/index.html","OpenPhish URL",""
"2024-08-31T12:53:52.750Z","Url","phishing","TLP:CLEAR","http://pub-4315e7deddae4ebdbb2ebed9dfafbd05.r2.dev/index.html","2024-08-31T12:53:52.886Z","http://pub-4315e7deddae4ebdbb2ebed9dfafbd05.r2.dev/index.html","OpenPhish URL",""
"2024-08-31T12:53:53.096Z","Url","phishing","TLP:CLEAR","http://pub-5473e530f3c24730b0b3f7132ba6254e.r2.dev/index.html","2024-08-31T12:53:53.277Z","http://pub-5473e530f3c24730b0b3f7132ba6254e.r2.dev/index.html","OpenPhish URL",""
"2024-08-31T12:53:53.435Z","Url","phishing","TLP:CLEAR","http://pub-e42f9ac522e3475d8558421e220c448a.r2.dev/index.html","2024-08-31T12:53:53.573Z","http://pub-e42f9ac522e3475d8558421e220c448a.r2.dev/index.html","OpenPhish URL",""
"2024-08-31T12:53:54.185Z","Url","phishing","TLP:CLEAR","http://pub-8e3ae3ca6e6a4400b8b182a36863a506.r2.dev/revised/index.html","2024-08-31T12:53:54.581Z","http://pub-8e3ae3ca6e6a4400b8b182a36863a506.r2.dev/revised/index.html","OpenPhish URL",""
"2024-08-31T12:53:54.185Z","Url","phishing","TLP:CLEAR","http://pub-4f0dfec754704b809e0e2075c9f47428.r2.dev/index.html","2024-08-31T12:53:54.581Z","http://pub-4f0dfec754704b809e0e2075c9f47428.r2.dev/index.html","OpenPhish URL",""
"2024-08-31T12:53:54.518Z","Url","phishing","TLP:CLEAR","http://pub-03838d599ffb416998e1078ee2aa5624.r2.dev/xc1.html","2024-08-31T12:53:54.660Z","http://pub-03838d599ffb416998e1078ee2aa5624.r2.dev/xc1.html","OpenPhish URL",""
"2024-08-31T12:53:55.122Z","Url","phishing","TLP:CLEAR","http://pub-573e81523d8b40f6a34d09ebb36c28e3.r2.dev/srt1.html","2024-08-31T12:53:55.332Z","http://pub-573e81523d8b40f6a34d09ebb36c28e3.r2.dev/srt1.html","OpenPhish URL",""
"2024-08-31T12:53:55.521Z","Url","phishing","TLP:CLEAR","https://location-id.ru.com/icloud2022-esp.php/isignesp.php","2024-08-31T12:53:55.623Z","https://location-id.ru.com/icloud2022-esp.php/isignesp.php","OpenPhish URL",""
"2024-08-31T12:53:55.521Z","Url","phishing","TLP:CLEAR","http://pub-7d4f94914c7b474480507ba35e67ecae.r2.dev/index.html","2024-08-31T12:53:55.622Z","http://pub-7d4f94914c7b474480507ba35e67ecae.r2.dev/index.html","OpenPhish URL",""
"2024-08-31T12:53:56.189Z","Url","phishing","TLP:CLEAR","https://support-idlocatio.com/icloud2022-esp.php/isignesp.php","2024-08-31T12:53:56.274Z","https://support-idlocatio.com/icloud2022-esp.php/isignesp.php","OpenPhish URL",""
"2024-08-31T12:53:57.033Z","Url","phishing","TLP:CLEAR","http://atishay-jain-47.github.io/netflix-clone","2024-08-31T12:53:57.085Z","http://atishay-jain-47.github.io/netflix-clone","OpenPhish URL",""
"2024-08-31T12:53:57.034Z","Url","phishing","TLP:CLEAR","https://uycheckingfeedback-issu.web.app/","2024-08-31T12:53:57.086Z","https://uycheckingfeedback-issu.web.app/","OpenPhish URL",""
"2024-08-31T12:53:57.694Z","Url","phishing","TLP:CLEAR","https://uycheckingfeedback-issu.firebaseapp.com/","2024-08-31T12:53:57.757Z","https://uycheckingfeedback-issu.firebaseapp.com/","OpenPhish URL",""
"2024-08-31T12:53:58.365Z","Url","phishing","TLP:CLEAR","https://ln.run/p_2A-","2024-08-31T12:53:58.435Z","https://ln.run/p_2A-","OpenPhish URL",""
"2024-08-31T12:53:58.365Z","Url","phishing","TLP:CLEAR","https://sfceamconmmunlty.com/transfet/get/activate","2024-08-31T12:53:58.434Z","https://sfceamconmmunlty.com/transfet/get/activate","OpenPhish URL",""
"2024-08-31T12:53:59.048Z","Url","phishing","TLP:CLEAR","https://remmer932480-cpoe9.pages.dev/robots.txt/","2024-08-31T12:53:59.114Z","https://remmer932480-cpoe9.pages.dev/robots.txt/","OpenPhish URL",""
"2024-08-31T12:53:59.727Z","Url","phishing","TLP:CLEAR","http://monggopinarak.vercel.app/","2024-08-31T12:53:59.802Z","http://monggopinarak.vercel.app/","OpenPhish URL",""
"2024-08-31T12:53:59.728Z","Url","phishing","TLP:CLEAR","https://vancollum1.wixstudio.io/my-site-2","2024-08-31T12:53:59.801Z","https://vancollum1.wixstudio.io/my-site-2","OpenPhish URL",""
"2024-08-31T12:54:00.638Z","Url","phishing","TLP:CLEAR","http://862ce7c6a162c0ef170d1897939c916a.serveo.net/","2024-08-31T12:54:00.722Z","http://862ce7c6a162c0ef170d1897939c916a.serveo.net/","OpenPhish URL",""
"2024-08-31T12:54:01.413Z","Url","phishing","TLP:CLEAR","http://sso-cdn--coinbasepro-r-aauth.webflow.io/","2024-08-31T12:54:01.478Z","http://sso-cdn--coinbasepro-r-aauth.webflow.io/","OpenPhish URL",""
"2024-08-31T12:54:01.413Z","Url","phishing","TLP:CLEAR","http://cdn-coinbasepro-t-auth.webflow.io/","2024-08-31T12:54:01.477Z","http://cdn-coinbasepro-t-auth.webflow.io/","OpenPhish URL",""
