url,score,description
https://sde-b9l.pages.dev/17f30fba-1a45-4143-97ab-10c060a3cc6a,,OpenPhish URL
https://piv-cfe.pages.dev/53286d5e-d19c-4a8e-a86b-4d237e83c963,,OpenPhish URL
https://ch-dcf.pages.dev/eb9ab8da-5752-470d-affe-7956ca6e8ee5,,OpenPhish URL
https://sde-b9l.pages.dev/a864d54c-afbb-4b3f-8661-0cc0441b3de0,,OpenPhish URL
https://sde-b9l.pages.dev/eb01eb9c-5efb-486d-8abb-d1c50abba37a,,OpenPhish URL
https://ch-dcf.pages.dev/f7146ea3-0d28-4405-a1ba-c9e10e8a1fd1,,OpenPhish URL
https://sde-b9l.pages.dev/b4fcc0ca-ef30-4d62-b6be-899f6281caf9,,OpenPhish URL
https://sde-b9l.pages.dev/15f36c18-3459-48af-91c8-35c13a009a8e,,OpenPhish URL
https://ch-dcf.pages.dev/9420b3ad-035d-401c-a153-1b70806aa6a8,,OpenPhish URL
https://piv-cfe.pages.dev/2e180b7d-ae43-4b57-97ee-75293e1e3f92,,OpenPhish URL
https://piv-cfe.pages.dev/0fbdee47-dbbb-4731-9647-b071f3470668,,OpenPhish URL
https://sde-b9l.pages.dev/f6d71e9c-ffa4-49f5-b237-385c6d2a74a6,,OpenPhish URL
https://piv-cfe.pages.dev/d76217f6-b677-44d5-9371-f0dfd42ae85a,,OpenPhish URL
https://sde-b9l.pages.dev/e3b7d9af-7cbb-45c2-bff8-49032f5c547e,,OpenPhish URL
https://sde-b9l.pages.dev/67810802-2347-4397-b8b5-e45caf08b8ee,,OpenPhish URL
https://sde-b9l.pages.dev/1869a6a1-80a6-429c-b4e9-0723a4d9047c,,OpenPhish URL
http://jwattier07.wixsite.com/my-site,,OpenPhish URL
https://piv-cfe.pages.dev/9bb0c6a2-1f43-45c2-8a88-def3e76a630e,,OpenPhish URL
https://sde-b9l.pages.dev/ea94cc7e-bd2d-47b9-aeae-c4834c637b51,,OpenPhish URL
https://piv-cfe.pages.dev/e721dea3-726b-4af9-880f-a5a7599d842a,,OpenPhish URL
https://sde-b9l.pages.dev/8ea42b28-da4a-4b65-a401-06fd10ce5b54,,OpenPhish URL
https://sde-b9l.pages.dev/7aa44daf-5d98-46e0-a3e1-176387fb6446,,OpenPhish URL
https://sde-b9l.pages.dev/48edd03b-0f3c-49fa-ac7e-1359b81821ec,,OpenPhish URL
https://sde-b9l.pages.dev/0b4c84f6-37f2-46a1-80cc-7ca597012603,,OpenPhish URL
https://ch-dcf.pages.dev/51539941-6f10-48a0-a252-5c0c912e7301,,OpenPhish URL
https://reservations-19airbnb.com/251709333,,OpenPhish URL
https://reservations-19airbnb.com/193620481,,OpenPhish URL
https://sde-b9l.pages.dev/2db53c55-9228-435f-8cf7-4c75a704273d,,OpenPhish URL
https://piv-cfe.pages.dev/df033e6d-4209-4c42-8162-487c70dfbfad,,OpenPhish URL
https://sde-b9l.pages.dev/5a22310e-cdb1-4d97-8113-03fac6424286,,OpenPhish URL
https://sde-b9l.pages.dev/40487a49-d2de-4602-91c6-67b01361e17d,,OpenPhish URL
https://sde-b9l.pages.dev/e8e166e8-53b3-49d9-90b7-21256d3bd4e2,,OpenPhish URL
https://ch-dcf.pages.dev/261f2c29-8326-40f5-a0f3-762b6978381f,,OpenPhish URL
https://sde-b9l.pages.dev/fc8eb98e-c394-43e3-b049-8217f3671632,,OpenPhish URL
https://sde-b9l.pages.dev/68aea955-bd89-40cc-a823-622d182c7716,,OpenPhish URL
https://sde-b9l.pages.dev/e213815b-a56b-4764-af3f-9479dd52ad6e,,OpenPhish URL
https://piv-cfe.pages.dev/f7705ddf-e0ee-4dc6-a14c-485099df4d24,,OpenPhish URL
https://piv-cfe.pages.dev/8fa08d1d-9dd1-4c91-950e-b1b2133870df,,OpenPhish URL
https://piv-cfe.pages.dev/89ba8a22-4428-4186-b072-6e4ea29475cf,,OpenPhish URL
https://piv-cfe.pages.dev/78d3e140-449a-4ae5-8c38-dd459f637bd1,,OpenPhish URL
https://sde-b9l.pages.dev/6da01554-b66f-4e74-8568-74d4aa7472ac,,OpenPhish URL
https://ch-dcf.pages.dev/01332b52-684c-4a0e-a2b1-1075d7a30167,,OpenPhish URL
https://ch-dcf.pages.dev/8a67f72b-db1d-4759-8def-adb94b96be2f,,OpenPhish URL
https://ch-dcf.pages.dev/6b82248f-bfe8-4332-a4ec-249037e10aae,,OpenPhish URL
https://sde-b9l.pages.dev/256673db-4607-4653-a400-0271fe0de99d,,OpenPhish URL
https://piv-cfe.pages.dev/3165b2d5-47c4-4f84-a456-deaa6e5934c3,,OpenPhish URL
https://sde-b9l.pages.dev/6ad2704e-03cb-488d-8087-2a8b82583c35,,OpenPhish URL
https://ch-dcf.pages.dev/af17cbe4-8501-43dd-b29e-fde8537fce34,,OpenPhish URL
https://reservations-19airbnb.com/230581598,,OpenPhish URL
https://keurr-mcliaofy-kluobly.yolasite.com/,,OpenPhish URL
https://reservations-19airbnb.com/229221834,,OpenPhish URL
https://reservations-19airbnb.com/246427288,,OpenPhish URL
https://sde-b9l.pages.dev/08dfd058-e3fe-4f97-a5e1-7f3868aefb3f,,OpenPhish URL
https://ch-dcf.pages.dev/c4dd16b7-846f-476c-b91c-40dc06f1c5e7,,OpenPhish URL
https://ch-dcf.pages.dev/c370c152-2978-476d-938a-6b656b8ae6f8,,OpenPhish URL
http://garenafreefireoficialwebsite.blogspot.com/?m=1,,OpenPhish URL
https://garenafreefireoficialwebsite.blogspot.mk/,,OpenPhish URL
https://piv-cfe.pages.dev/58cd686f-2876-4152-82e8-5b7f54b68ebd,,OpenPhish URL
https://sde-b9l.pages.dev/d5665419-6a81-4c0b-b1a8-565d6679e6c5,,OpenPhish URL
https://sde-b9l.pages.dev/a41c1ed6-7916-4f32-956c-5608d9f0d31d,,OpenPhish URL
https://piv-cfe.pages.dev/fe6023cf-42c4-47ad-b769-4496d1170f0f,,OpenPhish URL
https://sde-b9l.pages.dev/99bec5e0-7f44-4545-9cef-12b37a898a52,,OpenPhish URL
https://piv-cfe.pages.dev/bab8e761-d6e9-4a3c-aa8e-88bd1823bb62,,OpenPhish URL
https://sde-b9l.pages.dev/ab5f8299-0828-4fde-8f1d-1d34ddf40006,,OpenPhish URL
https://sde-b9l.pages.dev/74ceb80c-4dba-4623-aea4-ede43c88b0da,,OpenPhish URL
https://sde-b9l.pages.dev/f8306026-eb5e-4995-b4f6-4ad390552e9c,,OpenPhish URL
https://piv-cfe.pages.dev/69e6cefd-ac13-44cc-a784-ec49f21e8c6c,,OpenPhish URL
https://ch-dcf.pages.dev/1c38bdab-0ff6-43a5-9755-be0ce7a8fe44,,OpenPhish URL
https://ch-dcf.pages.dev/d2782827-de74-40aa-8c9b-0c202cd89959,,OpenPhish URL
https://sde-b9l.pages.dev/7acb0314-d210-4c7e-b450-874173adb1de,,OpenPhish URL
https://sde-b9l.pages.dev/22baa42c-71bd-4407-af8e-ec4fd57a8c9c,,OpenPhish URL
https://ch-dcf.pages.dev/92310b5a-760f-4696-aa70-121504409565,,OpenPhish URL
https://piv-cfe.pages.dev/d56603c2-b4fd-41ff-9e1c-2a17af9c3612,,OpenPhish URL
https://sde-b9l.pages.dev/fe8fb58b-bb90-4081-9c66-2e17bc0bb3cb,,OpenPhish URL
https://sde-b9l.pages.dev/68771bed-3fd9-4707-af2b-027afaad6041,,OpenPhish URL
https://ch-dcf.pages.dev/abad1d44-ba6c-405b-9315-eb6119de87cc,,OpenPhish URL
https://ch-dcf.pages.dev/314bec74-a542-4a74-b018-633101b834ba,,OpenPhish URL
https://sde-b9l.pages.dev/e97ba4da-d68d-430b-a2ce-873eb3be3a2f,,OpenPhish URL
https://ch-dcf.pages.dev/da9d4721-b123-4d5c-8213-20aa4855c5f4,,OpenPhish URL
https://sde-b9l.pages.dev/2618644b-7ef6-4f87-96a8-47da16e76ad8,,OpenPhish URL
https://sde-b9l.pages.dev/1c4d49cb-5a2e-4e38-9e81-3d9da9df69b8,,OpenPhish URL
https://piv-cfe.pages.dev/9a4a13b2-865c-4617-b81b-91e5a79b4fd1,,OpenPhish URL
https://sde-b9l.pages.dev/e3ee16e8-69ef-4243-86c2-c0f69ea9e769,,OpenPhish URL
https://sde-b9l.pages.dev/c6e0116a-b3f7-4e3f-87d1-a4ba8b70290d,,OpenPhish URL
https://sde-b9l.pages.dev/75229538-e5de-4dfc-bae4-f3ffde34c45d,,OpenPhish URL
https://piv-cfe.pages.dev/fe5432c9-454c-4246-9445-9842a641da5a,,OpenPhish URL
https://piv-cfe.pages.dev/9d3454d7-853f-453d-a749-cfa7ba4eaa17,,OpenPhish URL
https://sde-b9l.pages.dev/ad23cdb3-a285-4aee-aa8a-3d5790c29b94,,OpenPhish URL
https://sde-b9l.pages.dev/d4401402-f93a-486d-b090-955f7c10863b,,OpenPhish URL
https://piv-cfe.pages.dev/a5f45c3c-8215-421e-a3d1-5a09841dd618,,OpenPhish URL
https://ch-dcf.pages.dev/a23ddb6a-c6bc-4f9a-b0b8-f436d8577a63,,OpenPhish URL
https://piv-cfe.pages.dev/910c178f-477e-4d68-84fa-d59702682f11,,OpenPhish URL
https://piv-cfe.pages.dev/a7c17723-7937-482f-bd6b-1eb1e1eaf5d1,,OpenPhish URL
https://ch-dcf.pages.dev/dafe6bc6-0600-43d3-9f53-fea15a38c32e,,OpenPhish URL
https://ch-dcf.pages.dev/859d9ee3-d2dd-40af-884e-e0c96e8dc5b6,,OpenPhish URL
https://ch-dcf.pages.dev/982ef1f0-bcf2-4861-9f64-fde702739e35,,OpenPhish URL
https://ch-dcf.pages.dev/b0fc9e46-e88b-4b0d-a50e-d9e4ae54752d,,OpenPhish URL
https://piv-cfe.pages.dev/cc3abf9d-ffca-4c2a-8df8-519891b3a85a,,OpenPhish URL
https://hoosierwarriorcoffeemarianaquin.org/85079c2f616cb36f25b6ebde58930916/login.php?cmd=login_submit&id=a6e235204abba545e22ca0e534a2530aa6e235204abba545e22ca0e534a2530a&session=a6e235204abba545e22ca0e534a2530aa6e235204abba545e22ca0e534a2530a,,OpenPhish URL
https://cminashendbfjg.weebly.com/,,OpenPhish URL
https://antique-phones.com/,,OpenPhish URL
https://reservations-19airbnb.com/255918783,,OpenPhish URL
https://tojbjh2.tokena-imapp.com/down/PRADyfu,,OpenPhish URL
http://penca-cbd8.ilodnswfalen.workers.dev/,,OpenPhish URL
https://reservations-19airbnb.com/262077212,,OpenPhish URL
https://tojbjh2.tokena-imapp.com/down/kcvHejA,,OpenPhish URL
https://qu1mosf.tokena-imapp.com/down/lVDWBNL,,OpenPhish URL
https://danielmartinsassessoria.com.br/sc/NOVASCOT/2425d/,,OpenPhish URL
https://pelyd4y.tp2024download.com/down/IYDtKNp,,OpenPhish URL
https://www.srv69476.seohost.com.pl/public/lMuzfk3McbCVqW2fICcnDUO79dQDbtv4,,OpenPhish URL
https://www.srv69476.seohost.com.pl/public/OX3FLcfYT5VEEms9qTL28kPslAKmji6k,,OpenPhish URL
https://www.srv69476.seohost.com.pl/public/4qh1XWB2zeCfWsLDVBoDijV96EwPrxVG,,OpenPhish URL
https://ch-dcf.pages.dev/17a151c8-0f88-45ab-b32e-cb5893a7c4dd,,OpenPhish URL
https://piv-cfe.pages.dev/91413fda-93e6-4613-8cd7-de9e376a1691,,OpenPhish URL
https://piv-cfe.pages.dev/c870cfcb-86c2-4cb8-89d2-8dd20066766c,,OpenPhish URL
https://sde-b9l.pages.dev/f80dbfe3-d820-43df-9050-4683d74b4c68,,OpenPhish URL
https://sde-b9l.pages.dev/95679c62-b0c5-470b-89f1-c750606de807,,OpenPhish URL
https://sde-b9l.pages.dev/2af8dc9e-8f2b-4305-aa7c-3c1d8bf0cff8,,OpenPhish URL
https://ch-dcf.pages.dev/edc2b8ee-ae2e-49e0-b2fc-aaae60c87e3f,,OpenPhish URL
https://piv-cfe.pages.dev/46574d4b-243e-4a78-8823-aa754f12dc98,,OpenPhish URL
https://ch-dcf.pages.dev/90aead12-0c0f-4032-888a-5b62c841e1c4,,OpenPhish URL
https://usps.wusbjeyifl.top/,,OpenPhish URL
https://remove-violation-instantly.replit.app/index.html/,,OpenPhish URL
https://ch-dcf.pages.dev/5521193d-d7c9-4520-a86b-58594af61984,,OpenPhish URL
https://sde-b9l.pages.dev/80001970-eb42-4355-9c54-65dd587434de,,OpenPhish URL
https://piv-cfe.pages.dev/1ee8ce25-d593-446b-a5fb-44dff8629c3f,,OpenPhish URL
https://ch-dcf.pages.dev/8565f138-c466-4b90-aa5e-43f5ced487fe,,OpenPhish URL
https://ch-dcf.pages.dev/810f83ba-0154-4a59-b3ed-4ae959c97db0,,OpenPhish URL
https://piv-cfe.pages.dev/b540b532-f010-41ac-bedf-290283f76152,,OpenPhish URL
https://piv-cfe.pages.dev/963dac7a-6dd3-40cb-8526-da97faccb982,,OpenPhish URL
https://ch-dcf.pages.dev/960d1592-11b6-46cf-b607-041fe412879b,,OpenPhish URL
https://piv-cfe.pages.dev/f3a44319-b67f-435d-a121-70c8fd041f08,,OpenPhish URL
https://sde-b9l.pages.dev/a451e842-e4f1-44e9-9dfc-32eb0ae5a2f4,,OpenPhish URL
https://ch-dcf.pages.dev/dcb2be53-562d-4f46-88f3-f5df2ef46ace,,OpenPhish URL
https://ch-dcf.pages.dev/4c252f3a-7110-4e92-9986-276fafadbd04,,OpenPhish URL
https://sde-b9l.pages.dev/4bac4100-b915-4002-bd44-9d8aba2fd4fd,,OpenPhish URL
https://piv-cfe.pages.dev/7b23c2a0-b0a8-4fa3-acd4-8934fb9fd4c7,,OpenPhish URL
https://sde-b9l.pages.dev/946194ee-6984-454d-8faa-dd8ac72dcad4,,OpenPhish URL
https://ch-dcf.pages.dev/a698523c-f9e6-475f-9e8e-c371e782c8d7,,OpenPhish URL
https://piv-cfe.pages.dev/7813ea4f-2402-4b21-96b7-61326762cf5f,,OpenPhish URL
https://sde-b9l.pages.dev/067e1134-1208-4bd5-9431-90ff0867de44,,OpenPhish URL
https://piv-cfe.pages.dev/d406e0ee-b982-422e-a4cb-8af906978a46,,OpenPhish URL
https://sde-b9l.pages.dev/5658e1c1-3f9a-4406-9749-824dcca23383,,OpenPhish URL
https://piv-cfe.pages.dev/0ccca95c-d700-43ca-b928-1608f0526c20,,OpenPhish URL
https://ch-dcf.pages.dev/d2dbb133-bcbf-469a-bbe7-f8ba2cce454c,,OpenPhish URL
https://ch-dcf.pages.dev/9a1019c1-9d14-4d9a-860c-3bdbefd450a0,,OpenPhish URL
https://piv-cfe.pages.dev/7aace8ef-a307-4551-8d84-b8a117d221cf,,OpenPhish URL
https://sde-b9l.pages.dev/ca5c00f7-d5ee-4ded-a73e-40bdd51a452d,,OpenPhish URL
https://sde-b9l.pages.dev/bfb5b0f3-3792-4882-8403-f6b9d4e0905a,,OpenPhish URL
https://ch-dcf.pages.dev/9efc0f5b-e36f-499e-8f52-010eeb2ab1d1,,OpenPhish URL
https://sde-b9l.pages.dev/ae97f000-1c73-4a05-8622-c06a2f7839f9,,OpenPhish URL
https://sde-b9l.pages.dev/7b68b244-582f-48ce-820b-f2032912bde7,,OpenPhish URL
https://sde-b9l.pages.dev/dd984090-3f61-4214-ba92-1f8dbd51b9aa,,OpenPhish URL
https://piv-cfe.pages.dev/23902901-6fbd-4755-a6ff-395b84e4c2cd,,OpenPhish URL
https://ch-dcf.pages.dev/80947654-45c4-4b4c-9867-2e2d2f3650eb,,OpenPhish URL
https://ch-dcf.pages.dev/e931b2fc-58a1-478f-8ccc-4d7ddd515da6,,OpenPhish URL
https://piv-cfe.pages.dev/d2a426e4-cb97-4288-bfa5-36637dadc8dc,,OpenPhish URL
https://piv-cfe.pages.dev/38a09e6e-18da-46ad-81e0-ce46c4100abe,,OpenPhish URL
https://sde-b9l.pages.dev/f8d320b7-f523-42ab-a818-5e8c273ece08,,OpenPhish URL
https://piv-cfe.pages.dev/5bdb83e1-68dc-42c7-94fc-61d52a3c5c5c,,OpenPhish URL
https://sde-b9l.pages.dev/e9cb8e39-2b92-4c28-92c8-c4bdaba47b2c,,OpenPhish URL
https://ch-dcf.pages.dev/3f7b4632-9d8b-4083-9db4-2e1c30027a60,,OpenPhish URL
https://piv-cfe.pages.dev/42837693-9f29-484c-90e5-3586156df137,,OpenPhish URL
https://sde-b9l.pages.dev/a07583f3-3e48-436c-a32d-6ec791371d44,,OpenPhish URL
https://ch-dcf.pages.dev/1f833af6-f024-4d01-971a-c7f15ffe4097,,OpenPhish URL
https://piv-cfe.pages.dev/89fc24ce-5c51-4c8f-ae20-c125e61fdcee,,OpenPhish URL
https://reservations-19airbnb.com/175019172,,OpenPhish URL
https://reservations-19airbnb.com/260820565,,OpenPhish URL
http://hotvideoustiktok2021.blogspot.li/,,OpenPhish URL
http://hotvideoustiktok2021.blogspot.bg/,,OpenPhish URL
https://reservations-19airbnb.com/212413696,,OpenPhish URL
https://creditagricole-asia.com/,,OpenPhish URL
http://june1st.net/photos/goods/201609/thumb_b/SANTANDER.VAN.GOG077/ATUALIZACAO.CLIENTE.SANTANDER.ATIVAR.CHAVE/ATENDIMENTO.CLIENTE.SANTANDER/NOVO.ACESSO.CLIENTE.DESATUALIZADO/cadastro.Santander2016/identificacao-jsf/acesso/index.html,,OpenPhish URL
https://vds50.pages.dev/,,OpenPhish URL
https://garenafreefireoficialwebsite.blogspot.sn/,,OpenPhish URL
https://djduejd.wixsite.com/my-site-1,,OpenPhish URL
https://reservations-19airbnb.com/221907206,,OpenPhish URL
http://n-wwspottrise.blogspot.com/,,OpenPhish URL
http://n-wwspottrise.blogspot.sn/,,OpenPhish URL
https://piv-cfe.pages.dev/5007e504-601d-4fbd-8ec7-57a5f1d917e5,,OpenPhish URL
https://piv-cfe.pages.dev/61896885-3c53-4814-a826-c139805242e5,,OpenPhish URL
https://sde-b9l.pages.dev/f5ac2689-225d-42c3-bf52-0aa4e8627000,,OpenPhish URL
https://sde-b9l.pages.dev/384045b1-9e39-4782-9b17-48cac9e739b9,,OpenPhish URL
https://ch-dcf.pages.dev/aec72330-7edd-42eb-b154-bb9f109e2e75,,OpenPhish URL
https://ch-dcf.pages.dev/2436d0c2-4e50-404d-857d-dbd4b8da632d,,OpenPhish URL
https://sde-b9l.pages.dev/f8de2c25-3323-44b4-bc14-fefe54641926,,OpenPhish URL
https://sde-b9l.pages.dev/56312bf9-6b64-462a-bae3-03b540fa8fd5,,OpenPhish URL
https://ch-dcf.pages.dev/7d07d2bb-a027-4bbe-8986-20f0ab459660,,OpenPhish URL
https://sde-b9l.pages.dev/a47b8304-73f3-47c6-b01b-cda93f67139c,,OpenPhish URL
https://piv-cfe.pages.dev/df15ea51-5cd7-4e28-9e65-ce93bc3bd563,,OpenPhish URL
https://ch-dcf.pages.dev/2a8ce55c-6b02-47cd-ab70-688aa4515b41,,OpenPhish URL
https://sde-b9l.pages.dev/a01d04e1-1dd4-48c5-a42e-0a3afe080d0c,,OpenPhish URL
https://ch-dcf.pages.dev/97a514a1-2167-4a16-9670-c5081d3a9cde,,OpenPhish URL
https://sde-b9l.pages.dev/c0ad983d-7699-4aa2-88be-eeef942e95f5,,OpenPhish URL
https://sde-b9l.pages.dev/72f79d46-3b2c-4216-9ba7-f793df5b6d3a,,OpenPhish URL
https://sde-b9l.pages.dev/d0c410d9-8ecc-4f6d-bc4b-14bd946313a1,,OpenPhish URL
https://sde-b9l.pages.dev/e5c38060-728a-447b-b8f5-376a85363dc7,,OpenPhish URL
https://piv-cfe.pages.dev/5d08175c-f2c6-4deb-b3a4-031060d89f3f,,OpenPhish URL
https://piv-cfe.pages.dev/a6f2b693-d364-44a3-8c16-b7a1e383d17a,,OpenPhish URL
https://sde-b9l.pages.dev/828be32b-a7ff-42b9-a51c-78654a983753,,OpenPhish URL
http://n-wwspottrise.blogspot.mk/,,OpenPhish URL
https://piv-cfe.pages.dev/d42da967-a0d0-4fe9-a0b5-dbfdbad57d32,,OpenPhish URL
https://ch-dcf.pages.dev/3d45fd66-f5e8-42bf-b238-ba19182f88d9,,OpenPhish URL
https://ch-dcf.pages.dev/d8801618-da0c-496b-bfbc-ab448c4c9544,,OpenPhish URL
https://piv-cfe.pages.dev/b0079dc3-3ffd-470e-b11d-74daab527842,,OpenPhish URL
https://ch-dcf.pages.dev/07e09884-f437-48af-999b-394fad3eb2fe,,OpenPhish URL
https://piv-cfe.pages.dev/99a43b4d-58ed-41ca-bb70-7fabfaa50450,,OpenPhish URL
http://unusualaccountcnfrmpages.github.io/,,OpenPhish URL
https://piv-cfe.pages.dev/a665ff57-8e03-402e-9227-5793bcda6328,,OpenPhish URL
https://sde-b9l.pages.dev/76c6504c-df20-4574-8076-4debda35910c,,OpenPhish URL
https://piv-cfe.pages.dev/0581bde5-eb5d-47da-ac0a-40fe08c5b89c,,OpenPhish URL
https://ch-dcf.pages.dev/9d0ebcab-5413-4a39-a6d1-46a2f86ef5d0,,OpenPhish URL
https://piv-cfe.pages.dev/1d591586-ca43-475e-b6e3-7fe415d57a53,,OpenPhish URL
https://ch-dcf.pages.dev/f1d96112-2a96-4490-a3f4-5a6cafb7ae84,,OpenPhish URL
https://ch-dcf.pages.dev/9eb0ec00-b59d-4ac4-a7aa-ac6bdeaebd15,,OpenPhish URL
https://piv-cfe.pages.dev/d5b1f17e-10e0-4deb-86b5-e37db65d71f1,,OpenPhish URL
https://sde-b9l.pages.dev/b3f69996-cf05-4b7b-82b8-4f1805a3d256,,OpenPhish URL
http://worker-raspy-thunder-4b40.sanwe.workers.dev/?sso_reload=true,,OpenPhish URL
https://ch-dcf.pages.dev/5023248d-af30-463e-8bd7-5d6f84d5eefa,,OpenPhish URL
https://sde-b9l.pages.dev/9c3eb76d-5939-46ee-b38d-5c283d7b55ac,,OpenPhish URL
https://ch-dcf.pages.dev/4c92f2a2-22b5-4a53-a99e-361712b78039,,OpenPhish URL
https://ch-dcf.pages.dev/b008a3e5-275e-479e-8b1e-695652283ead,,OpenPhish URL
https://sde-b9l.pages.dev/723e4c90-67ef-49ba-b95d-8a92dbed364f,,OpenPhish URL
https://piv-cfe.pages.dev/484dfd40-8272-4e03-bd45-39c696961992,,OpenPhish URL
https://piv-cfe.pages.dev/b95112fb-67da-466e-8061-94e049f0617d,,OpenPhish URL
https://piv-cfe.pages.dev/fe0f1a3d-221a-4453-81c9-11fc1535bbfc,,OpenPhish URL
https://piv-cfe.pages.dev/ff062ac1-ae6f-483b-9493-efe57b03273e,,OpenPhish URL
https://ch-dcf.pages.dev/1d179d91-a430-4031-8763-c7e2e3f60a59,,OpenPhish URL
https://sde-b9l.pages.dev/cb22a809-bd34-4c2a-a4d5-a73917862d35,,OpenPhish URL
https://sde-b9l.pages.dev/e8300d83-e248-4bfa-96ac-7fb308a0bec7,,OpenPhish URL
https://sde-b9l.pages.dev/736a8f45-f5c3-4567-a03f-62442798f0e3,,OpenPhish URL
https://ch-dcf.pages.dev/e81fb8f4-27c7-4492-bbbd-631cb5e695a9,,OpenPhish URL
https://piv-cfe.pages.dev/125a57a3-b850-4b5b-a0cc-f66ff6c980da,,OpenPhish URL
https://sde-b9l.pages.dev/9183b438-e28e-4c25-8c99-63a4dbeb1275,,OpenPhish URL
https://ch-dcf.pages.dev/bb1143c1-f552-4a1c-84ae-6da2ad8ed0e6,,OpenPhish URL
https://piv-cfe.pages.dev/12632792-3b14-4519-80ee-855fc8f96dfb,,OpenPhish URL
https://ch-dcf.pages.dev/959c361a-8323-4329-b072-bff6007731ad,,OpenPhish URL
https://ch-dcf.pages.dev/29158ebf-3a46-4421-a185-e8a974e55036,,OpenPhish URL
https://piv-cfe.pages.dev/ef9dafe0-82b0-4507-bec4-df9684e5605f,,OpenPhish URL
https://sde-b9l.pages.dev/cd958966-8efd-427d-8b99-eaea3c7f3d6e,,OpenPhish URL
https://piv-cfe.pages.dev/94dec18d-ab62-47a5-b7a3-2b550423aca0,,OpenPhish URL
https://ch-dcf.pages.dev/9b269607-6fe9-49f4-a506-83393eea2be3,,OpenPhish URL
https://ch-dcf.pages.dev/9b96f266-04e8-49ef-b4cf-b1cd16f2aa49,,OpenPhish URL
https://sde-b9l.pages.dev/0fb65303-9191-41f7-86cf-84286012aec6,,OpenPhish URL
https://ch-dcf.pages.dev/094ca5b8-648f-4eb7-8ab9-39a15e82bcc5,,OpenPhish URL
https://piv-cfe.pages.dev/b75e2d70-90d8-4e99-87ea-9508570b6e7d,,OpenPhish URL
https://sde-b9l.pages.dev/22df6a5d-e230-4f11-bb43-eccc2d582afd,,OpenPhish URL
https://piv-cfe.pages.dev/d8393de7-dd28-4240-b095-2c8d709b0ae0,,OpenPhish URL
https://sde-b9l.pages.dev/feaf353f-7c25-4d99-b91c-bbb6927df601,,OpenPhish URL
https://piv-cfe.pages.dev/3ee957bb-f6d4-453f-ba5b-c01ec77bcd5f,,OpenPhish URL
https://ch-dcf.pages.dev/777d74d8-749e-4fcc-9fec-eaa81f085bc7,,OpenPhish URL
https://sde-b9l.pages.dev/52b473ee-b7a7-49b9-93ee-079e104058b3,,OpenPhish URL
https://ch-dcf.pages.dev/04b183a3-6313-4d33-b474-df64580a27d6,,OpenPhish URL
https://ch-dcf.pages.dev/edee8e2d-b6ef-41f8-bf45-18e3715b5939,,OpenPhish URL
https://piv-cfe.pages.dev/e73d23bc-4615-47e0-ac3b-f8295775dfe5,,OpenPhish URL
https://piv-cfe.pages.dev/05760819-a939-4ad2-9ae4-9a9150fdf2aa,,OpenPhish URL
https://ch-dcf.pages.dev/8991c337-585f-4c49-9689-940453cf67f1,,OpenPhish URL
https://piv-cfe.pages.dev/86db5fac-61b9-49a9-86ab-b6c6dc87fbe4,,OpenPhish URL
https://ch-dcf.pages.dev/c010baf0-d7fb-4285-8d0c-60d1d398980b,,OpenPhish URL
https://piv-cfe.pages.dev/c22c29dd-6d49-46f3-835d-22e2d184922f,,OpenPhish URL
https://ch-dcf.pages.dev/7d249eb4-db8e-4de5-818a-aaf79d3f2ff7,,OpenPhish URL
https://sde-b9l.pages.dev/20c1144f-e354-4c7c-a8c2-9c2f4334b7c6,,OpenPhish URL
https://sde-b9l.pages.dev/41ef75a1-4340-43eb-8c72-0958e838d463,,OpenPhish URL
https://piv-cfe.pages.dev/1002960a-f9da-45a1-a512-33d9a6b9e863,,OpenPhish URL
https://sde-b9l.pages.dev/1ea6cc08-52db-40e9-a904-add727f817d6,,OpenPhish URL
https://sde-b9l.pages.dev/629b06bb-eedc-4617-bc19-2e777899adab,,OpenPhish URL
https://piv-cfe.pages.dev/8f28e3c8-a1de-4746-9290-9eb3b93d55f2,,OpenPhish URL
https://ch-dcf.pages.dev/c61040f1-8c32-430a-9ac7-d0446a1df92c,,OpenPhish URL
https://sde-b9l.pages.dev/84770e95-bb30-472b-841d-1f380e20d718,,OpenPhish URL
https://piv-cfe.pages.dev/8612af06-c680-4f4a-bd23-8cc5fb04c89b,,OpenPhish URL
https://ch-dcf.pages.dev/ff23b047-89ef-4604-90f4-b44fcf842085,,OpenPhish URL
https://piv-cfe.pages.dev/dce10de0-0ab9-4706-ad7a-d94b1f1acc9c,,OpenPhish URL
https://sde-b9l.pages.dev/b1e90914-4893-427f-af4a-fa086103b016,,OpenPhish URL
https://ch-dcf.pages.dev/c3603560-0661-4213-8caa-e8a5da54c008,,OpenPhish URL
https://sde-b9l.pages.dev/ebefda1b-fb1b-42d0-818b-c1195c15561b,,OpenPhish URL
https://ch-dcf.pages.dev/6a4c933b-dc2d-4e46-8500-dc75c14900db,,OpenPhish URL
https://sde-b9l.pages.dev/74d37487-a70e-4322-8dfe-1400217da129,,OpenPhish URL
https://sde-b9l.pages.dev/0e52addc-fdce-4467-ab4e-27b504d2e3f6,,OpenPhish URL
https://piv-cfe.pages.dev/51d8171f-a15f-42cd-ac19-b25461ab4805,,OpenPhish URL
https://sde-b9l.pages.dev/c2ca6e31-0e77-492c-95af-14834e888b7c,,OpenPhish URL
https://sde-b9l.pages.dev/73bad4dc-a088-4232-9d94-640a0e091b57,,OpenPhish URL
https://piv-cfe.pages.dev/03cdcec4-b90e-4e39-b00d-c2db63fba1f6,,OpenPhish URL
https://sde-b9l.pages.dev/82f29ae9-a914-4dfc-bb14-8ac584f96a6d,,OpenPhish URL
https://piv-cfe.pages.dev/3bf599fc-b71a-4cd0-b477-7f0ed303843c,,OpenPhish URL
https://sde-b9l.pages.dev/d78011f0-8468-4f43-bc38-fab854e8da22,,OpenPhish URL
https://piv-cfe.pages.dev/fbc82e81-006e-491a-8fb0-2e06bfc9f7b6,,OpenPhish URL
http://pnsahu94.github.io/Netflix-Landing-Page-CSS-VanillaJS-Clone,,OpenPhish URL
https://reservations-19airbnb.com/268814805,,OpenPhish URL
https://reservations-19airbnb.com/208404259,,OpenPhish URL
https://reservations-19airbnb.com/205952605,,OpenPhish URL
http://cloudflare-ipfs.com/ipfs/bafybeifmsamnyixj47e3a4cxsj2evzm32ra37avlk4wf2xjawhsssgyhni/release.html,,OpenPhish URL
https://frosty-document-5022.dscgs8xo.workers.dev/d74ce522-db8e-463b-9174-44dd7193ba13,,OpenPhish URL
https://wood-82c2.jayden1077.workers.dev/20b5af14-248e-4fed-8d17-61370789b9b0,,OpenPhish URL
http://telegreinn.club/,,OpenPhish URL
https://bnw-2fu.pages.dev/https/tapestry.tapad.com/tapestry/1?ao=0,,OpenPhish URL
https://www.xfinitymobile.publicvm.com/,,OpenPhish URL
https://xfinitymobile.publicvm.com/,,OpenPhish URL
http://pub-682ad3b65d944376b919745aae3c56d4.r2.dev/document25.html,,OpenPhish URL
https://cloude-dd47.aeancsesekhi.workers.dev/916f2fbe-f8e3-4400-81ce-ea6a2066eb7d,,OpenPhish URL
https://sde-b9l.pages.dev/81fcd017-3183-467d-800d-10a2d1b08bd0,,OpenPhish URL
https://ch-dcf.pages.dev/9aa85bae-5a75-4e12-9f5d-8da5c3c85110,,OpenPhish URL
https://piv-cfe.pages.dev/9c1b8f4a-b580-40c2-9852-774d2ed292a6,,OpenPhish URL
https://piv-cfe.pages.dev/48eebf82-310a-47ce-9f27-8746d68a1db3,,OpenPhish URL
https://piv-cfe.pages.dev/7e7705ba-b7c5-40fe-9cc2-87643b24078b,,OpenPhish URL
https://sde-b9l.pages.dev/f862317c-1aab-4595-bfec-744ad375c793,,OpenPhish URL
http://zverinova-kucharka.cz/libraries/joomla/filter/Google,,OpenPhish URL
http://yabatechunevoc.org/phocadownload/userupload/new/,,OpenPhish URL
https://coreplesk-cake-7dbf.leacshlenmmdgza.workers.dev/a71a4933-6286-4f10-b92d-23c0caf7ebda,,OpenPhish URL
https://sde-b9l.pages.dev/cbce895e-afc9-4422-81fb-6a9139ecc5b2,,OpenPhish URL
https://ch-dcf.pages.dev/54f801ab-37ac-4c11-9cc3-d03007a668ee,,OpenPhish URL
https://sde-b9l.pages.dev/4ad6daa0-148b-4799-aded-737493b34c1c,,OpenPhish URL
https://sde-b9l.pages.dev/4ce227af-a139-43c7-bebb-b2fb8b1f2b0d,,OpenPhish URL
https://ch-dcf.pages.dev/122ff9e6-42e7-4e1e-ae34-4d5d789d9703,,OpenPhish URL
https://sde-b9l.pages.dev/5c098b36-ffa2-4988-8d96-df475061afbe,,OpenPhish URL
https://piv-cfe.pages.dev/dde88fd5-09c2-41d7-ae9b-22ed268886e5,,OpenPhish URL
https://piv-cfe.pages.dev/ec6b535c-1f4c-4d62-a6e6-d44a49212222,,OpenPhish URL
https://piv-cfe.pages.dev/0dd03ce1-a66d-4f37-b1d6-f1e358a74639,,OpenPhish URL
https://ch-dcf.pages.dev/df2857d2-4392-47c3-bf0c-a462a5fd941f,,OpenPhish URL
http://join-mywhatsapp-2sa.pages.dev/,,OpenPhish URL
https://piv-cfe.pages.dev/1047729d-7d4a-4fa0-bcb7-27d2ea2bc01a,,OpenPhish URL
https://sde-b9l.pages.dev/41084596-8cb6-423d-80b5-fb6b897389d4,,OpenPhish URL
http://b0nh7sdc.xzf.my.id/,,OpenPhish URL
http://postrceive.xyz/,,OpenPhish URL
https://piv-cfe.pages.dev/0e9ac514-de64-445f-ac81-9739b1cbf72a,,OpenPhish URL
http://tpkkn.com/,,OpenPhish URL
https://ch-dcf.pages.dev/6475d506-db61-4a60-95fc-8e8929cd3e0c,,OpenPhish URL
https://piv-cfe.pages.dev/0eb5961a-cde4-43fc-aaf4-18ad19a335eb,,OpenPhish URL
https://sde-b9l.pages.dev/111a7475-d938-42ee-8757-55255f7794d8,,OpenPhish URL
https://ch-dcf.pages.dev/f443ef07-bae2-4770-a557-9d3dc884bdc7,,OpenPhish URL
https://ch-dcf.pages.dev/81f0e38d-1ec5-4227-96f3-9a4cf3fbf256,,OpenPhish URL
https://ch-dcf.pages.dev/fcee9dfc-e73d-4f39-9746-64a623f9cef9,,OpenPhish URL
http://cloudflare-ipfs.com/ipfs/bafkreidlttsigxpy36gqpd3evsne75gnyrrpowi6acipd7itvfo3gvjw3u,,OpenPhish URL
https://ch-dcf.pages.dev/84987ac1-cb55-40a3-8907-efa5bba0f84e,,OpenPhish URL
https://sde-b9l.pages.dev/51ff8273-9c4d-4f8a-a839-83b8d48d998a,,OpenPhish URL
https://piv-cfe.pages.dev/17ea4f3e-01f9-4c00-998b-a01ba2c17ec6,,OpenPhish URL
http://26357.pages.dev/robots.txt,,OpenPhish URL
http://telegram-tt-koval-dev.pages.dev/,,OpenPhish URL
http://telegram.webcts.wang/,,OpenPhish URL
http://airdrop-manta-918.pages.dev/,,OpenPhish URL
https://bt-101281-109546.weeblysite.com/,,OpenPhish URL
https://kdc.ygs.mybluehost.me/melly/81993/,,OpenPhish URL
http://www.clubedalivelo.com/96e22c5a3f513d444/,,OpenPhish URL
http://manta-drop.pages.dev/,,OpenPhish URL
http://tokenpocket-tpner.com/,,OpenPhish URL
http://8ng.013.mytemp.website/hold/packet/,,OpenPhish URL
http://friendcafeforever.blogspot.sn/,,OpenPhish URL
http://pelyd4y.tp2024download.com/down/lluvild/,,OpenPhish URL
http://pub-cfed504c29ce4abfb436fd9297bceb4e.r2.dev/index.html,,OpenPhish URL
http://chat.deaworkshop.co.uk/,,OpenPhish URL
http://httpverfi-cecompte-buro-wbemai-id-retrunsectionusl-inboxwhct.usluga.me/,,OpenPhish URL
http://aigptiot.com/h....**@r..*.com,,OpenPhish URL
http://aigptiot.com/z...*@z.**.cn,,OpenPhish URL
http://aigptiot.com/l...**@n...*.c**.cn,,OpenPhish URL
http://aigptiot.com/g..*@b....com,,OpenPhish URL
http://aigptiot.com/c..@s..**.com,,OpenPhish URL
https://tojbjh2.tokena-imapp.com/down/yBtaEge,,OpenPhish URL
https://tojbjh2.tokena-imapp.com/down/eLQwiJN,,OpenPhish URL
https://tojbjh2.tokena-imapp.com/down/UYpqLBZ,,OpenPhish URL
http://aigptiot.com/b..@i....**.de,,OpenPhish URL
http://aigptiot.com/g**.b..*@i...*.com,,OpenPhish URL
http://aigptiot.com/z...*@g..**.com,,OpenPhish URL
http://aigptiot.com/m.@i.*.com,,OpenPhish URL
http://aigptiot.com/w....@t.*.com,,OpenPhish URL
https://tojbjh2.tokena-imapp.com/down/QkctgeK,,OpenPhish URL
https://tojbjh2.tokena-imapp.com/down/rxuMcZu,,OpenPhish URL
http://aigptiot.com/h...*@y...com,,OpenPhish URL
http://aigptiot.com/z...*@f.*.c**.cn,,OpenPhish URL
http://aigptiot.com/d..k.*@b**.c**.cn,,OpenPhish URL
http://aigptiot.com/y**.p..*@i...*.com,,OpenPhish URL
http://aigptiot.com/s.**.b.@s..**.com,,OpenPhish URL
http://aigptiot.com/k..**@a.**.c**.cn,,OpenPhish URL
http://aigptiot.com/z...**@j..c**.cn,,OpenPhish URL
http://aigptiot.com/a..**@z..*.c**.cn,,OpenPhish URL
http://aigptiot.com/s...f..@h...**.de,,OpenPhish URL
http://aigptiot.com/x..*@g..*.com,,OpenPhish URL
http://aigptiot.com/k...**@k..*.com,,OpenPhish URL
https://nagasaisambhana.github.io/Netflix-Clone,,OpenPhish URL
http://aigptiot.com/j.**.l*@m..*.c**.cn,,OpenPhish URL
http://aigptiot.com/j..**@y...com,,OpenPhish URL
http://aigptiot.com/k..*@r..*.com,,OpenPhish URL
http://aigptiot.com/l..**@l..**.com,,OpenPhish URL
http://aigptiot.com/c*.s.@j.*.c**.cn,,OpenPhish URL
http://aigptiot.com/t...@t.*.c**.cn,,OpenPhish URL
http://aigptiot.com/h....*@b....com,,OpenPhish URL
http://aigptiot.com/v...*.s@h..**.com,,OpenPhish URL
http://aigptiot.com/y..y..@i...*.com,,OpenPhish URL
http://aigptiot.com/s..r.**@h**.com,,OpenPhish URL
http://aigptiot.com/s*.s.*@h**.com,,OpenPhish URL
http://aigptiot.com/t...*@c..*.c**.cn,,OpenPhish URL
http://aigptiot.com/j..*.z.*@i.....com,,OpenPhish URL
http://aigptiot.com/l..**@k...**.com,,OpenPhish URL
http://aigptiot.com/g.@a..c**.cn,,OpenPhish URL
http://aigptiot.com/p.**.z.*@t**.com,,OpenPhish URL
http://aigptiot.com/w...@t**.com,,OpenPhish URL
http://aigptiot.com/y..*@t.*.c**.cn,,OpenPhish URL
http://aigptiot.com/k...*.b**@h..**.com,,OpenPhish URL
http://aigptiot.com/s...@w**.u..**.de,,OpenPhish URL
http://aigptiot.com/x.**@c.*.edu,,OpenPhish URL
http://aigptiot.com/w...*@t**.com,,OpenPhish URL
http://aigptiot.com/w..*.n*@c..**.c**.cn,,OpenPhish URL
http://aigptiot.com/z...*@a..c**.cn,,OpenPhish URL
http://aigptiot.com/k...@f**.c**.tw,,OpenPhish URL
http://aigptiot.com/l..**@i...*.com,,OpenPhish URL
http://aigptiot.com/l...**@e.*.com,,OpenPhish URL
http://aigptiot.com/j..**@c..*.c**.cn,,OpenPhish URL
https://col.vvg.mybluehost.me/wp-admin/CHFINAL/24dc5/,,OpenPhish URL
http://aigptiot.com/p.a.**@t...**.ch,,OpenPhish URL
http://aigptiot.com/j..@c..*.c**.cn,,OpenPhish URL
http://aigptiot.com/n**.c..*@h**.com,,OpenPhish URL
http://aigptiot.com/s...j*@f.*.c**.cn,,OpenPhish URL
http://aigptiot.com/m**3mail@b.c,,OpenPhish URL
https://tojbjh2.tokena-imapp.com/down/KnEHmzC,,OpenPhish URL
https://tojbjh2.tokena-imapp.com/down/Bylkpjb,,OpenPhish URL
http://aigptiot.com/c...........@d**.c**.cn,,OpenPhish URL
http://aigptiot.com/y...**@s..**.com,,OpenPhish URL
https://tojbjh2.tokena-imapp.com/down/UevYXLV,,OpenPhish URL
http://aigptiot.com/x..@h**.com,,OpenPhish URL
http://aigptiot.com/b..@t...**.de,,OpenPhish URL
http://aigptiot.com/h..*@b....com,,OpenPhish URL
https://tojbjh2.tokena-imapp.com/down/sCPgcKH,,OpenPhish URL
http://aigptiot.com/a..*@i.*.com,,OpenPhish URL
https://tojbjh2.tokena-imapp.com/down/teBIFaj,,OpenPhish URL
http://aigptiot.com/k...@b....c**.cn,,OpenPhish URL
https://tojbjh2.tokena-imapp.com/down/pxzutgY,,OpenPhish URL
http://aigptiot.com/z.**@t**.com,,OpenPhish URL
https://qu1mosf.tokena-imapp.com/down/rvQpqfH,,OpenPhish URL
https://tojbjh2.tokena-imapp.com/down/TrRuFOv,,OpenPhish URL
http://aigptiot.com/k...*@c..*.com,,OpenPhish URL
https://tojbjh2.tokena-imapp.com/down/TlAEKFs,,OpenPhish URL
https://harrisonbrass.com/,,OpenPhish URL
https://tojbjh2.tokena-imapp.com/down/PTzSqXG,,OpenPhish URL
http://aigptiot.com/m.*@p...l....nl,,OpenPhish URL
http://aigptiot.com/t.**@h**.com,,OpenPhish URL
http://aigptiot.com/c...*@l..a*.uk,,OpenPhish URL
http://aigptiot.com/s..p...@i...*.com,,OpenPhish URL
http://aigptiot.com/y.*.l.*@s...x.*.e**.cn,,OpenPhish URL
http://aigptiot.com/l**.x*@d....*.com,,OpenPhish URL
http://aigptiot.com/h...**@d....*.com,,OpenPhish URL
http://aigptiot.com/p..h..@m...*.g**.in,,OpenPhish URL
http://aigptiot.com/g.*.t.**@h**.se,,OpenPhish URL
http://aigptiot.com/y**.c.*@c..**.com,,OpenPhish URL
http://aigptiot.com/z...@y*.g..*.com,,OpenPhish URL
http://aigptiot.com/a..s.@t**.com,,OpenPhish URL
http://aigptiot.com/d..**@c.....c**.cn,,OpenPhish URL
http://aigptiot.com/y...@s..**.c**.cn,,OpenPhish URL
https://tojbjh2.tokena-imapp.com/down/XODUAQx,,OpenPhish URL
http://aigptiot.com/g..*@s..**.com,,OpenPhish URL
http://aigptiot.com/c...@g.**.com,,OpenPhish URL
http://aigptiot.com/h..*@i..*.com,,OpenPhish URL
http://aigptiot.com/l...*@t...com,,OpenPhish URL
http://aigptiot.com/g**.m.**@h**.com,,OpenPhish URL
http://aigptiot.com/g.n@k..*.ru,,OpenPhish URL
http://aigptiot.com/c...**@c...*.com,,OpenPhish URL
http://aigptiot.com/l..**@n...*.c**.cn,,OpenPhish URL
http://aigptiot.com/l..*.e.**@c.*.edu,,OpenPhish URL
http://aigptiot.com/x.*@d....*.com,,OpenPhish URL
http://aigptiot.com/a...@f*.c.**.com,,OpenPhish URL
http://aigptiot.com/c..s*@d..**.com,,OpenPhish URL
http://aigptiot.com/g..@s..c**.cn,,OpenPhish URL
http://aigptiot.com/c........@d**.c**.cn,,OpenPhish URL
http://aigptiot.com/f...l**@t**.com,,OpenPhish URL
http://aigptiot.com/r...**@p**.a*.ir,,OpenPhish URL
http://aigptiot.com/g*.m..@h**.com,,OpenPhish URL
https://tulibaba.com/,,OpenPhish URL
http://aigptiot.com/l...*@c..*.c**.cn,,OpenPhish URL
http://aigptiot.com/h.*@p..*.c**.tw,,OpenPhish URL
http://aigptiot.com/l...@c.**.com,,OpenPhish URL
https://col.vvg.mybluehost.me/wp-admin/CHFINAL/bb36c/,,OpenPhish URL
https://pizza-cardinale.com/,,OpenPhish URL
http://aigptiot.com/w...@s..**.com,,OpenPhish URL
http://aigptiot.com/t...*@s..**.com,,OpenPhish URL
http://aigptiot.com/a..*@r..*.com,,OpenPhish URL
http://extxtranet-63261.com/,,OpenPhish URL
https://wwfeng.com/,,OpenPhish URL
https://pireszzzzz.github.io/sitenetflix,,OpenPhish URL
https://www.locarbcris.com/,,OpenPhish URL
https://261388.sireneharb.com/,,OpenPhish URL
https://bancolombia-dinamica-web1.brizy.site/,,OpenPhish URL
http://www.tinyfashion.cn/product/60449402498-802506959/2016_Fashion_Wholesale_Ivory_Black_Awl_Prismatic_Rhombus_Stainless_Steel_Necklace_Jewelry_for_Men.html,,OpenPhish URL
https://www.srv69476.seohost.com.pl/public/2ZuUiQsngJyw0AwWdJNjiNOTD3MJABch,,OpenPhish URL
http://www.vjdisplay.com.cn/product/2007989067-209573593/Refrigerator_Candy_Bar_Holder_Suction_Cups_Clear_cooler_door_shelf.html,,OpenPhish URL
https://new-estne-flix.blogspot.com/,,OpenPhish URL
https://kyl.bsd.mybluehost.me/n/login,,OpenPhish URL
http://new-estne-flix.blogspot.my/,,OpenPhish URL
http://steamcsgo.vipcentr.ru/,,OpenPhish URL
http://3ert41w.fdse.club/,,OpenPhish URL
http://coinbasejslogines.azurewebsites.net/,,OpenPhish URL
http://smsverificationmms.myfreesites.net/,,OpenPhish URL
http://souaxwaoh.myfreesites.net/,,OpenPhish URL
https://t7ya-milanoshopiyf.blogspot.com/,,OpenPhish URL
http://t7ya-milanoshopiyf.blogspot.sn/,,OpenPhish URL
https://hotvideoustiktok2021.blogspot.com.es/,,OpenPhish URL
https://hotvideoustiktok2021.blogspot.co.il/,,OpenPhish URL
https://hotvideoustiktok2021.blogspot.sn/,,OpenPhish URL
https://34142.kellyhuddleston.com/,,OpenPhish URL
http://srv69476.seohost.com.pl/public/OX3FLcfYT5VEEms9qTL28kPslAKmji6k,,OpenPhish URL
http://srv69476.seohost.com.pl/public/4qh1XWB2zeCfWsLDVBoDijV96EwPrxVG,,OpenPhish URL
http://srv69476.seohost.com.pl/public/lMuzfk3McbCVqW2fICcnDUO79dQDbtv4,,OpenPhish URL
http://altwayiba.com/app/secure/login.php,,OpenPhish URL
http://nwgruppronhub.nwgrup.my.id/,,OpenPhish URL
https://www.app-sabadell-info.com/es/login,15,TWEETFEED IOC https://www.app-sabadell-info.com/es/login
https://www.cajamar-info-apps.com/es/home,15,TWEETFEED IOC https://www.cajamar-info-apps.com/es/home
https://www.cajamar-info-app.com/es/home,15,TWEETFEED IOC https://www.cajamar-info-app.com/es/home
https://www.bankinter-info-apps.com/es/login,15,TWEETFEED IOC https://www.bankinter-info-apps.com/es/login
https://www.bankinter-info-app.com/es/login,15,TWEETFEED IOC https://www.bankinter-info-app.com/es/login
http://cloud.tnewstraffic.com,15,TWEETFEED IOC http://cloud.tnewstraffic.com
http://july-pty.at.ply.gg,15,TWEETFEED IOC http://july-pty.at.ply.gg
https://waqkqfwpfkjvqepi.com/Xapz,15,TWEETFEED IOC https://waqkqfwpfkjvqepi.com/Xapz
https://puhbjsmqfhdwlkfb.com/Xapz,15,TWEETFEED IOC https://puhbjsmqfhdwlkfb.com/Xapz
https://nulvvldsdoscweid.com/Xapz,15,TWEETFEED IOC https://nulvvldsdoscweid.com/Xapz
https://njjbsfsfspegwznb.com/Xapz,15,TWEETFEED IOC https://njjbsfsfspegwznb.com/Xapz
https://zfqwbqe.top/?p8vs27xf,15,TWEETFEED IOC https://zfqwbqe.top/?p8vs27xf
https://zdthufw.top/?p8vs27xf,15,TWEETFEED IOC https://zdthufw.top/?p8vs27xf
https://yua13.top/?p8vs27xf,15,TWEETFEED IOC https://yua13.top/?p8vs27xf
https://frfjzoy.top/?p8vs27xf,15,TWEETFEED IOC https://frfjzoy.top/?p8vs27xf
https://destorygame.top/?p8vs27xf,15,TWEETFEED IOC https://destorygame.top/?p8vs27xf
https://deladmg.top/?p8vs27xf,15,TWEETFEED IOC https://deladmg.top/?p8vs27xf
https://vccjtir.top/?p8vs27xf,15,TWEETFEED IOC https://vccjtir.top/?p8vs27xf
https://urojxpj.top/?p8vs27xf,15,TWEETFEED IOC https://urojxpj.top/?p8vs27xf
https://tshdiro.top/?p8vs27xf,15,TWEETFEED IOC https://tshdiro.top/?p8vs27xf
https://dwav.top/?p8vs27xf,15,TWEETFEED IOC https://dwav.top/?p8vs27xf
https://lalagpg.cn,15,TWEETFEED IOC https://lalagpg.cn
https://egvdubg.com,15,TWEETFEED IOC https://egvdubg.com
https://egvdub.com,15,TWEETFEED IOC https://egvdub.com
https://egvdokw.com,15,TWEETFEED IOC https://egvdokw.com
https://egvdinkw.com,15,TWEETFEED IOC https://egvdinkw.com
https://egvdinf.com,15,TWEETFEED IOC https://egvdinf.com
https://masteoiashdcard.com,15,TWEETFEED IOC https://masteoiashdcard.com
https://zgtatu.net,15,TWEETFEED IOC https://zgtatu.net
https://wanyeyou.net,15,TWEETFEED IOC https://wanyeyou.net
https://sxflash.net,15,TWEETFEED IOC https://sxflash.net
https://juheye.net,15,TWEETFEED IOC https://juheye.net
https://js-youbang.net,15,TWEETFEED IOC https://js-youbang.net
https://ibaicheng.net,15,TWEETFEED IOC https://ibaicheng.net
https://elitecycle.net,15,TWEETFEED IOC https://elitecycle.net
https://cnnikewww.net,15,TWEETFEED IOC https://cnnikewww.net
https://aeno.co.jp.xmym.net/aeon,15,TWEETFEED IOC https://aeno.co.jp.xmym.net/aeon
https://aeno.co.jp.trcx.net/aeon,15,TWEETFEED IOC https://aeno.co.jp.trcx.net/aeon
https://aeno.co.jp.sylkxx.net/aeon,15,TWEETFEED IOC https://aeno.co.jp.sylkxx.net/aeon
https://aeno.co.jp.roulan.net/aeon,15,TWEETFEED IOC https://aeno.co.jp.roulan.net/aeon
https://aeno.co.jp.linlue.net/aeon,15,TWEETFEED IOC https://aeno.co.jp.linlue.net/aeon
https://aeno.co.jp.legei.net/aeon,15,TWEETFEED IOC https://aeno.co.jp.legei.net/aeon
https://aeno.co.jp.lacadenaherrumbrosa.net/aeon,15,TWEETFEED IOC https://aeno.co.jp.lacadenaherrumbrosa.net/aeon
https://aeno.co.jp.bilisimkariyer.net/aeon,15,TWEETFEED IOC https://aeno.co.jp.bilisimkariyer.net/aeon
https://zu820.com,15,TWEETFEED IOC https://zu820.com
https://ydn64.com,15,TWEETFEED IOC https://ydn64.com
https://wu127.com,15,TWEETFEED IOC https://wu127.com
https://wtp96.com,15,TWEETFEED IOC https://wtp96.com
https://vyg68.com,15,TWEETFEED IOC https://vyg68.com
https://tka73.com,15,TWEETFEED IOC https://tka73.com
https://rzg15.com,15,TWEETFEED IOC https://rzg15.com
https://ou839.com,15,TWEETFEED IOC https://ou839.com
https://hut39.com,15,TWEETFEED IOC https://hut39.com
https://her67.com,15,TWEETFEED IOC https://her67.com
https://fe721.com,15,TWEETFEED IOC https://fe721.com
https://epk94.com,15,TWEETFEED IOC https://epk94.com
https://enr15.com,15,TWEETFEED IOC https://enr15.com
https://dhu95.com,15,TWEETFEED IOC https://dhu95.com
https://crv51.com,15,TWEETFEED IOC https://crv51.com
https://clck.ru/3ATTdA,15,TWEETFEED IOC https://clck.ru/3ATTdA
https://zzeswe.com,15,TWEETFEED IOC https://zzeswe.com
https://radenferdy.com,15,TWEETFEED IOC https://radenferdy.com
https://qianjinggroup.com,15,TWEETFEED IOC https://qianjinggroup.com
https://mbaent.com,15,TWEETFEED IOC https://mbaent.com
https://jhdhayz.com,15,TWEETFEED IOC https://jhdhayz.com
https://historican.com,15,TWEETFEED IOC https://historican.com
https://hildavidal.com,15,TWEETFEED IOC https://hildavidal.com
https://erhaabadi.com,15,TWEETFEED IOC https://erhaabadi.com
https://chickporno.com,15,TWEETFEED IOC https://chickporno.com
https://best-abrasives.com,15,TWEETFEED IOC https://best-abrasives.com
https://yxzqyzc.com,15,TWEETFEED IOC https://yxzqyzc.com
https://ulip4f.com,15,TWEETFEED IOC https://ulip4f.com
https://shouapp.com,15,TWEETFEED IOC https://shouapp.com
https://shoplemonbug.com,15,TWEETFEED IOC https://shoplemonbug.com
https://iofpuaf.com,15,TWEETFEED IOC https://iofpuaf.com
https://iofppkw.com,15,TWEETFEED IOC https://iofppkw.com
https://iofpokw.com,15,TWEETFEED IOC https://iofpokw.com
https://iofpnkf.com,15,TWEETFEED IOC https://iofpnkf.com
https://iofpinf.com,15,TWEETFEED IOC https://iofpinf.com
http://B3inaikw.com,15,TWEETFEED IOC http://B3inaikw.com
https://dinaikw.com,15,TWEETFEED IOC https://dinaikw.com
http://custom-packaging-products.com,15,TWEETFEED IOC http://custom-packaging-products.com
https://ypljnibqaibvyhzo.com/Xapz,15,TWEETFEED IOC https://ypljnibqaibvyhzo.com/Xapz
https://ykxfgwglqvwfzxyu.com/Xapz,15,TWEETFEED IOC https://ykxfgwglqvwfzxyu.com/Xapz
https://mjqbfnnglglcnike.com/Xapz,15,TWEETFEED IOC https://mjqbfnnglglcnike.com/Xapz
https://frwllgtapwgahfuu.com/Xapz,15,TWEETFEED IOC https://frwllgtapwgahfuu.com/Xapz
https://bwezwvwurikdcfgu.com/Xapz,15,TWEETFEED IOC https://bwezwvwurikdcfgu.com/Xapz
https://eki-net.wdqbgxcligtfy.com,15,TWEETFEED IOC https://eki-net.wdqbgxcligtfy.com
https://www.jpnpaypay.free.hr,15,TWEETFEED IOC https://www.jpnpaypay.free.hr
http://silversnake.xyz,15,TWEETFEED IOC http://silversnake.xyz
http://OKX.com,15,TWEETFEED IOC http://OKX.com
http://pqzk.syscloud-systems.com,15,TWEETFEED IOC http://pqzk.syscloud-systems.com
http://aoxzn.syscloud-systems.com,15,TWEETFEED IOC http://aoxzn.syscloud-systems.com
http://jay.syscloud-systems.com,15,TWEETFEED IOC http://jay.syscloud-systems.com
http://cyanwaves.info,15,TWEETFEED IOC http://cyanwaves.info
http://bdl.syscloud-systems.com,15,TWEETFEED IOC http://bdl.syscloud-systems.com
http://syscloud-systems.com,15,TWEETFEED IOC http://syscloud-systems.com
http://pua.syscloud-systems.com,15,TWEETFEED IOC http://pua.syscloud-systems.com
http://cajgtus.com/test1/get.php,15,TWEETFEED IOC http://cajgtus.com/test1/get.php
http://cajgtus.com/test2/get.php,15,TWEETFEED IOC http://cajgtus.com/test2/get.php
https://webhook.site/39cc8972-28eb-4721-b77d-12287d038f67,15,TWEETFEED IOC https://webhook.site/39cc8972-28eb-4721-b77d-12287d038f67
http://compute.hwclouds-dns.com,15,TWEETFEED IOC http://compute.hwclouds-dns.com
https://mohinhvn.com,15,TWEETFEED IOC https://mohinhvn.com
http://cms-app.Healthcasts.com,15,TWEETFEED IOC http://cms-app.Healthcasts.com
https://dreea18.com,15,TWEETFEED IOC https://dreea18.com
http://frutvi-2860.github.io/Bharat-Intern-Netflix-clone,,OpenPhish URL
http://show.naturecircle.shop/e/special-event/weekly-top-seller/3d-printers-supplies/183062,,OpenPhish URL
http://support-security-information-accountz.pages.dev/29603945,,OpenPhish URL
http://sheetalgithub30.github.io/Netflix,,OpenPhish URL
http://dfdgf46567567.blogspot.com.co/,,OpenPhish URL
https://sms-nordea-bank.com/sms.php,,OpenPhish URL
https://sms-nordea-bank.com/cc.php,,OpenPhish URL
https://sms-nordea-bank.com/,,OpenPhish URL
http://maimai1919.blogspot.hr/,,OpenPhish URL
http://dgdfgd2345454.blogspot.ba/,,OpenPhish URL
http://edhjzswehzshzsh.blogspot.com.ee/,,OpenPhish URL
http://fgjhdgdjhjtg1111.blogspot.com.cy/,,OpenPhish URL
https://entry5295-js2024r1.usercontent.dev/,,OpenPhish URL
http://metasakmwallet.gitbook.io/us,,OpenPhish URL
http://customer-care-centery.pages.dev/29603945.html,,OpenPhish URL
http://rohith-430.github.io/netflix-clone,,OpenPhish URL
http://pub-c72667fa26a445c69cf5d4e3392e9955.r2.dev/index.html,,OpenPhish URL
http://maimai1919.blogspot.lu/,,OpenPhish URL
http://drgdfhdfge54757.blogspot.com.uy/,,OpenPhish URL
http://66047dcaf2c0ee4fb70db5dc--fileacomplaint.netlify.app/,,OpenPhish URL
http://tinhmiko.blogspot.com.eg/,,OpenPhish URL
http://imshivamnair.github.io/Netflix-and-Chill,,OpenPhish URL
http://abisheksr4.github.io/Netflix-Clone,,OpenPhish URL
http://hahola123.blogspot.lu/,,OpenPhish URL
http://animilonehi.blogspot.gr/,,OpenPhish URL
http://shshsahzshshsh.blogspot.rs/,,OpenPhish URL
http://abhis1305.github.io/Netflix-Clone,,OpenPhish URL
https://inc-109226.weeblysite.com/,,OpenPhish URL
http://gikolibe.blogspot.co.nz/,,OpenPhish URL
http://kasthurisivabalan15.github.io/netflix12,,OpenPhish URL
http://rhlgr.github.io/netflix-web-page-clone,,OpenPhish URL
http://cashap3.azurewebsites.net/,,OpenPhish URL
http://cloudflare-ipfs.com/ipfs/bafybeidz2ga74lsmxy6brmor3p7xdjodtmmfgad47crarz5xocetfqb2u4,,OpenPhish URL
http://nidhinnidhin.github.io/Netflix-landing-page,,OpenPhish URL
http://show.naturecircle.shop/e/special-event/weekly-top-seller/phones-accessories/15032,,OpenPhish URL
http://shaikshabana1.github.io/netflixwebsite.github.io,,OpenPhish URL
http://hrodmarrik.github.io/Netflix_template,,OpenPhish URL
http://saloni-shukla78.github.io/Netflix-Clone,,OpenPhish URL
http://customer-care-centerp-2hj.pages.dev/29603945.html,,OpenPhish URL
http://tokenpocket-tpmko.com/,,OpenPhish URL
http://mohideen-abdul.github.io/Netflix,,OpenPhish URL
http://drgdfhdfge54757.blogspot.ba/,,OpenPhish URL
http://edhjzswehzshzsh.blogspot.mk/,,OpenPhish URL
http://hahola123.blogspot.ba/,,OpenPhish URL
http://gikolibe.blogspot.nl/,,OpenPhish URL
http://ipfs.io/ipfs/QmTy5TLKFNqmMwpkCmTng6ZgJKp8EeU6pAruteQRYwfB1k/kiudm.html,,OpenPhish URL
http://tokenpocket-tpumo.net/,,OpenPhish URL
http://shshsahzshshsh.blogspot.it/,,OpenPhish URL
http://shshsahzshshsh.blogspot.nl/,,OpenPhish URL
http://hahola123.blogspot.qa/,,OpenPhish URL
http://edhjzswehzshzsh.blogspot.hk/,,OpenPhish URL
http://dfgfgdufdf46456.blogspot.gr/,,OpenPhish URL
http://fdbdfgsdj4547.blogspot.gr/,,OpenPhish URL
http://fgjhdgdjhjtg1111.blogspot.com.ar/,,OpenPhish URL
http://fgjhdgdjhjtg1111.blogspot.cl/,,OpenPhish URL
http://drgdfhdfge54757.blogspot.pe/,,OpenPhish URL
http://gikolibe.blogspot.com.tr/,,OpenPhish URL
http://edhjzswehzshzsh.blogspot.gr/,,OpenPhish URL
http://naitikhoriya1.github.io/Netflix-clone,,OpenPhish URL
http://harshavardhan-wizard.github.io/Netflix_Clone,,OpenPhish URL
http://maimai1919.blogspot.si/,,OpenPhish URL
http://dfdgf46567567.blogspot.li/,,OpenPhish URL
http://suman-pramanik-dev.github.io/Netflix-Clone,,OpenPhish URL
http://kunal-jadhav-1.github.io/netflixclone,,OpenPhish URL
http://customer-care-center-1ww.pages.dev/29603945,,OpenPhish URL
https://tepocket.com/,,OpenPhish URL
http://tonykollannur.github.io/netflix_homepage_clone,,OpenPhish URL
http://customer-reception-information-support-centerc.pages.dev/29603945.html,,OpenPhish URL
http://divyanshu832.github.io/Netflix-clone,,OpenPhish URL
http://ayushman777.github.io/NetflixHomePage,,OpenPhish URL
http://customer-care-center-ebu.pages.dev/29603945,,OpenPhish URL
http://dfgfgdufdf46456.blogspot.qa/,,OpenPhish URL
http://hahola123.blogspot.li/,,OpenPhish URL
http://cdhvdsivd5.blogspot.co.ke/,,OpenPhish URL
http://ndsantha.github.io/netflix,,OpenPhish URL
http://hdshawyhw3eayuheyh.blogspot.be/,,OpenPhish URL
http://gikolibe.blogspot.com.uy/,,OpenPhish URL
http://cdhvdsivd5.blogspot.bg/,,OpenPhish URL
http://pub-53247bc858d04c4ea84c20a67ca6caad.r2.dev/index.htm,,OpenPhish URL
http://customer-care-center-ebu.pages.dev/29603945.html,,OpenPhish URL
http://techy0ganga.github.io/Netflix-Clone,,OpenPhish URL
http://renish-1111.github.io/Netflix,,OpenPhish URL
http://selcenkaya.github.io/netflux,,OpenPhish URL
http://pragati.learnoq.com/ionos1,,OpenPhish URL
http://account-recovery-help-centerr.pages.dev/29603945.html,,OpenPhish URL
http://karannagare.github.io/Netflix_clone,,OpenPhish URL
http://shabanapinjari27.github.io/Netflix-clone,,OpenPhish URL
http://zeshsaifi.github.io/Netflix-Clone-Page,,OpenPhish URL
http://ofcdev.github.io/Netflix-clone,,OpenPhish URL
http://tgadminuser.web-cs.xyz/,,OpenPhish URL
http://telegfarm.fit/,,OpenPhish URL
http://telegcemn.club/,,OpenPhish URL
http://telegccem.club/,,OpenPhish URL
http://telegcpem.club/,,OpenPhish URL
https://danielmartinsassessoria.com.br/sc/NOVASCOT/9fbeb/,,OpenPhish URL
http://kapildev-g.github.io/NetflixClone,,OpenPhish URL
http://mayank0038.github.io/myProject-netflix,,OpenPhish URL
http://u75vue7r8tfou5va.weiyikuai.top/,,OpenPhish URL
http://dfdgf46567567.blogspot.is/,,OpenPhish URL
http://gemini-_uslogi.godaddysites.com/,,OpenPhish URL
http://goldin-minds.com/.well-known/44715/Login.html,,OpenPhish URL
http://m07aditya.github.io/netflix-clone,,OpenPhish URL
http://show.naturecircle.shop/e/special-event/weekly-top-seller/tv-reception-set-top-boxes/15069,,OpenPhish URL
http://customer-reception-information-support-center2.pages.dev/29603945.html,,OpenPhish URL
http://cloudflare-ipfs.com/ipfs/bafybeigw6bkk4c4judva2lfcduibep77mp4bj7cmucujivyxevmoyxhrqi,,OpenPhish URL
http://nandhakishore23.github.io/Netflix_clone,,OpenPhish URL
http://animilonehi.blogspot.in/,,OpenPhish URL
http://nibiokomguk.blogspot.co.id/,,OpenPhish URL
http://customer-care-centerp-2hj.pages.dev/29603945,,OpenPhish URL
http://guptaharshit567.github.io/Netflix-Clone,,OpenPhish URL
http://gnichua20t3.blogspot.rs/,,OpenPhish URL
http://edhjzswehzshzsh.blogspot.kr/,,OpenPhish URL
http://telegtrom.work/,,OpenPhish URL
http://telegtrom.fit/,,OpenPhish URL
http://telepgcn.club/,,OpenPhish URL
http://telegtral.fit/,,OpenPhish URL
http://telegrmp.work/,,OpenPhish URL
http://telegralm.fit/,,OpenPhish URL
http://telegprrem.work/,,OpenPhish URL
http://nikhiltelase17.github.io/netflix-web-page.github.io,,OpenPhish URL
http://vgurushetty.github.io/Netflix-UI-Clone-Project,,OpenPhish URL
http://muhammednazimak.github.io/netflix_Clone,,OpenPhish URL
http://connectwallety.webflow.io/,,OpenPhish URL
http://tokenpocket-tperm.com/,,OpenPhish URL
http://akashbatchu.github.io/bharat_intern_2,,OpenPhish URL
http://facebooksecuritys.blogspot.mk/,,OpenPhish URL
http://optus.m2m.com/,,OpenPhish URL
http://adityaraj97513.github.io/adityarajNetflix,,OpenPhish URL
http://dk73e.weiyikuai.top/,,OpenPhish URL
http://maimai1919.blogspot.nl/,,OpenPhish URL
http://preksha3005.github.io/Netflix_Homepage,,OpenPhish URL
https://522xd67.tokena-imapp.com/down/xBihwiZ,,OpenPhish URL
http://myhub365.github.io/mynetflix,,OpenPhish URL
https://tgadminuser.tg-accas.vip/,,OpenPhish URL
https://telegram.webtgap.top/?rcd=null,,OpenPhish URL
https://igrejavideiravl.com/css/MTTRBDFH/index.php?FGDD=1,,OpenPhish URL
http://soumodip002.github.io/Netflix-clone,,OpenPhish URL
https://tgadminuser.web-tgs.xyz/,,OpenPhish URL
http://mukeshzz.github.io/Netflix-Clone,,OpenPhish URL
http://show.naturecircle.shop/e/special-event/weekly-top-seller/computer-cables-connectors/182094,,OpenPhish URL
http://pub-51349cda60c84372a48e0c123ebb481f.r2.dev/net/index.html,,OpenPhish URL
https://parigulmehwish.github.io/NetflixClone,,OpenPhish URL
http://cloudflare-ipfs.com/ipfs/bafkreiff6zcc5r7l2sbcutvrn7fbh3pwwjw45iuccorkrehyzskmq2cgsu,,OpenPhish URL
http://sawanthmaringanti.github.io/CVIP-WebDevelopmentIntern,,OpenPhish URL
http://shshsahzshshsh.blogspot.ie/,,OpenPhish URL
http://metamasskllogin.gitbook.io/login,,OpenPhish URL
http://dfdgf46567567.blogspot.bg/,,OpenPhish URL
http://tinhmiko.blogspot.co.uk/,,OpenPhish URL
http://nl63j91nokqar7rv0nzr.weiyikuai.top/,,OpenPhish URL
http://jyotir-1924.github.io/netflix-clone-miniproject,,OpenPhish URL
http://unimolofe.blogspot.co.za/,,OpenPhish URL
http://bikomebb.blogspot.ba/,,OpenPhish URL
http://ajaydesai-pro.github.io/netflix-clone,,OpenPhish URL
http://hiteshhonmane.github.io/Netflix-Clone,,OpenPhish URL
http://shshsahzshshsh.blogspot.ae/,,OpenPhish URL
http://noob2911.github.io/CodeAlpha_NETFLIX-HOME-PAGE-CLONE,,OpenPhish URL
http://develfit.github.io/Netflix-India,,OpenPhish URL
http://account-recovery-help-centero.pages.dev/29603945,,OpenPhish URL
http://unimolofe.blogspot.co.il/,,OpenPhish URL
http://cdhvdsivd5.blogspot.ug/,,OpenPhish URL
http://maimai1919.blogspot.kr/,,OpenPhish URL
http://thejaswi13.github.io/StreamFlix,,OpenPhish URL
http://jitinsaxenaa.github.io/Netflix-clone,,OpenPhish URL
http://nibiokomguk.blogspot.com.mt/,,OpenPhish URL
http://support-security-information-accounts.pages.dev/29603945.html,,OpenPhish URL
http://gnichua20t3.blogspot.is/,,OpenPhish URL
http://fdbdfgsdj4547.blogspot.sg/,,OpenPhish URL
http://tinhmiko.blogspot.se/,,OpenPhish URL
http://dfgfgdufdf46456.blogspot.com.tr/,,OpenPhish URL
http://tok2npo2krt.top/,,OpenPhish URL
http://ldsfjdlskjflkdsflkddskvj.github.io/netflix,,OpenPhish URL
http://ashish0kumar.github.io/Netflix-home-page,,OpenPhish URL
http://priya-francis.github.io/netflix-clone,,OpenPhish URL
http://tinhmiko.blogspot.dk/,,OpenPhish URL
http://unimolofe.blogspot.co.id/,,OpenPhish URL
http://gnichua20t3.blogspot.kr/,,OpenPhish URL
http://fdbdfgsdj4547.blogspot.kr/,,OpenPhish URL
http://fgjhdgdjhjtg1111.blogspot.ca/,,OpenPhish URL
http://dfgfgdufdf46456.blogspot.nl/,,OpenPhish URL
http://gnichua20t3.blogspot.ie/,,OpenPhish URL
http://dfdgf46567567.blogspot.co.ke/,,OpenPhish URL
http://edhjzswehzshzsh.blogspot.ae/,,OpenPhish URL
http://afaque07.github.io/netflix,,OpenPhish URL
http://aakashvermao3.github.io/Netflix_Landing_Page_Clone,,OpenPhish URL
http://om005.github.io/Netfilx-Clone,,OpenPhish URL
http://frogface539.github.io/Landing-Page-Netflix,,OpenPhish URL
http://gikolibe.blogspot.li/,,OpenPhish URL
http://varshareddy27.github.io/Netflix-Clone,,OpenPhish URL
http://fdbdfgsdj4547.blogspot.dk/,,OpenPhish URL
http://customer-reception-information-support-centerr.pages.dev/29603945.html,,OpenPhish URL
http://hdshawyhw3eayuheyh.blogspot.co.il/,,OpenPhish URL
http://gikolibe.blogspot.co.ke/,,OpenPhish URL
http://fdbdfgsdj4547.blogspot.no/,,OpenPhish URL
http://tdxwblwyb.weiyikuai.top/,,OpenPhish URL
http://animilonehi.blogspot.ro/,,OpenPhish URL
http://nibiokomguk.blogspot.sk/,,OpenPhish URL
http://hahola123.blogspot.nl/,,OpenPhish URL
http://dfgfgdufdf46456.blogspot.am/,,OpenPhish URL
http://tinhmiko.blogspot.al/,,OpenPhish URL
http://cdhvdsivd5.blogspot.co.uk/,,OpenPhish URL
http://edhjzswehzshzsh.blogspot.sk/,,OpenPhish URL
http://misaki4552.github.io/Pagina-instagram/index.html,,OpenPhish URL
http://customer-reception-information-support-centerl.pages.dev/29603945.html,,OpenPhish URL
http://login.my-bdo-secureserver.workers.dev/login,,OpenPhish URL
http://jorge-agay.com/WysiwygPro/editor_files/images/smileys/wise-uk,,OpenPhish URL
http://rushikeshghodke.github.io/netflix-clone,,OpenPhish URL
http://animilonehi.blogspot.hr/,,OpenPhish URL
http://maimai1919.blogspot.gr/,,OpenPhish URL
http://bzau4.weiyikuai.top/,,OpenPhish URL
http://customer-reception-information-support-centerv-b4i.pages.dev/29603945,,OpenPhish URL
http://imaelsh.github.io/Netflix-clone,,OpenPhish URL
http://willievisser.com/wp-content/plugins/three-column-screen-layout/fllow-tracking-number/verification,,OpenPhish URL
http://arjun-031.github.io/Netflix-clone-,,OpenPhish URL
http://metamafskilogin.gitbook.io/us,,OpenPhish URL
http://vishu8989.github.io/netflix-clone,,OpenPhish URL
http://adityagodambe-555.github.io/Netflix-UI-Clone,,OpenPhish URL
http://deepanshudks.github.io/Netflix,,OpenPhish URL
https://violation-issue-form.glitch.me/help.html,,OpenPhish URL
http://energeticlab.buzz/wallet/im,,OpenPhish URL
http://maxly20.github.io/clone-netflix-homepage,,OpenPhish URL
http://8p3lbcrvgiog9j43.weiyikuai.top/,,OpenPhish URL
http://sanjay9909.github.io/NETFILX,,OpenPhish URL
http://piyushkumar24.github.io/NetflixClone,,OpenPhish URL
http://gikolibe.blogspot.lt/,,OpenPhish URL
http://mohit-srivastava-official.github.io/NetflixClone-Mohit_Srivastava,,OpenPhish URL
http://tokenpocket-tpemo.com/,,OpenPhish URL
http://hdshawyhw3eayuheyh.blogspot.hr/,,OpenPhish URL
http://bikomebb.blogspot.com.ar/,,OpenPhish URL
http://support-security-information-accountf.pages.dev/29603945.html,,OpenPhish URL
http://hahola123.blogspot.ca/,,OpenPhish URL
http://gnichua20t3.blogspot.co.id/,,OpenPhish URL
http://dfdgf46567567.blogspot.gr/,,OpenPhish URL
http://hahola123.blogspot.is/,,OpenPhish URL
http://unimolofe.blogspot.pe/,,OpenPhish URL
http://dgdfgd2345454.blogspot.gr/,,OpenPhish URL
http://hahola123.blogspot.it/,,OpenPhish URL
http://shshsahzshshsh.blogspot.tw/,,OpenPhish URL
http://hahola123.blogspot.gr/,,OpenPhish URL
http://gnichua20t3.blogspot.li/,,OpenPhish URL
http://maimai1919.blogspot.co.uk/,,OpenPhish URL
http://hdshawyhw3eayuheyh.blogspot.gr/,,OpenPhish URL
http://nibiokomguk.blogspot.sg/,,OpenPhish URL
http://gikolibe.blogspot.tw/,,OpenPhish URL
http://sumydeko.blogspot.co.id/,,OpenPhish URL
http://cdhvdsivd5.blogspot.sg/,,OpenPhish URL
http://dgdfgd2345454.blogspot.sg/,,OpenPhish URL
https://ishitaanand09.github.io/Netfilx_clone,,OpenPhish URL
http://dfgfgdufdf46456.blogspot.com.cy/,,OpenPhish URL
http://dgdfgd2345454.blogspot.com.es/,,OpenPhish URL
http://fgjhdgdjhjtg1111.blogspot.com.tr/,,OpenPhish URL
http://unimolofe.blogspot.hk/,,OpenPhish URL
http://hahola123.blogspot.cz/,,OpenPhish URL
http://drgdfhdfge54757.blogspot.my/,,OpenPhish URL
http://nibiokomguk.blogspot.co.uk/,,OpenPhish URL
http://animilonehi.blogspot.hu/,,OpenPhish URL
http://edhjzswehzshzsh.blogspot.ba/,,OpenPhish URL
http://drgdfhdfge54757.blogspot.hr/,,OpenPhish URL
http://fgjhdgdjhjtg1111.blogspot.co.il/,,OpenPhish URL
http://maimai1919.blogspot.fi/,,OpenPhish URL
http://gikolibe.blogspot.com.au/,,OpenPhish URL
http://sumydeko.blogspot.kr/,,OpenPhish URL
http://tinhmiko.blogspot.mk/,,OpenPhish URL
http://maimai1919.blogspot.com.br/,,OpenPhish URL
http://edhjzswehzshzsh.blogspot.li/,,OpenPhish URL
http://tinhmiko.blogspot.com.au/,,OpenPhish URL
http://fgjhdgdjhjtg1111.blogspot.bg/,,OpenPhish URL
http://tinhmiko.blogspot.co.ke/,,OpenPhish URL
http://bikomebb.blogspot.pe/,,OpenPhish URL
http://hdshawyhw3eayuheyh.blogspot.co.id/,,OpenPhish URL
http://gikolibe.blogspot.mk/,,OpenPhish URL
http://nibiokomguk.blogspot.qa/,,OpenPhish URL
http://hdshawyhw3eayuheyh.blogspot.qa/,,OpenPhish URL
http://dfdgf46567567.blogspot.cz/,,OpenPhish URL
http://shshsahzshshsh.blogspot.pe/,,OpenPhish URL
http://tinhmiko.blogspot.pt/,,OpenPhish URL
http://nibiokomguk.blogspot.am/,,OpenPhish URL
http://peppermint-mangrove-wineberry.glitch.me/trf3g76sb.html,,OpenPhish URL
http://gikolibe.blogspot.rs/,,OpenPhish URL
http://dfgfgdufdf46456.blogspot.hu/,,OpenPhish URL
http://gikolibe.blogspot.com.ee/,,OpenPhish URL
http://nibiokomguk.blogspot.hk/,,OpenPhish URL
http://gikolibe.blogspot.si/,,OpenPhish URL
http://tinhmiko.blogspot.is/,,OpenPhish URL
http://animilonehi.blogspot.mx/,,OpenPhish URL
http://unimolofe.blogspot.bg/,,OpenPhish URL
http://edhjzswehzshzsh.blogspot.co.id/,,OpenPhish URL
http://drgdfhdfge54757.blogspot.ug/,,OpenPhish URL
http://cdhvdsivd5.blogspot.lu/,,OpenPhish URL
http://dfdgf46567567.blogspot.ae/,,OpenPhish URL
http://cdhvdsivd5.blogspot.co.id/,,OpenPhish URL
http://dgdfgd2345454.blogspot.com.uy/,,OpenPhish URL
http://unimolofe.blogspot.am/,,OpenPhish URL
http://bikomebb.blogspot.qa/,,OpenPhish URL
http://tinhmiko.blogspot.co.id/,,OpenPhish URL
http://fgjhdgdjhjtg1111.blogspot.nl/,,OpenPhish URL
http://hdshawyhw3eayuheyh.blogspot.com.by/,,OpenPhish URL
http://fdbdfgsdj4547.blogspot.be/,,OpenPhish URL
http://dgdfgd2345454.blogspot.com.mt/,,OpenPhish URL
http://maimai1919.blogspot.com.ng/,,OpenPhish URL
http://nibiokomguk.blogspot.com.tr/,,OpenPhish URL
http://drgdfhdfge54757.blogspot.com.cy/,,OpenPhish URL
http://shshsahzshshsh.blogspot.ca/,,OpenPhish URL
http://gnichua20t3.blogspot.ca/,,OpenPhish URL
http://drgdfhdfge54757.blogspot.lu/,,OpenPhish URL
http://bikomebb.blogspot.is/,,OpenPhish URL
http://nibiokomguk.blogspot.fr/,,OpenPhish URL
http://customer-care-center-1ww.pages.dev/29603945.html,,OpenPhish URL
http://hdshawyhw3eayuheyh.blogspot.ca/,,OpenPhish URL
http://gnichua20t3.blogspot.com.by/,,OpenPhish URL
http://nibiokomguk.blogspot.ba/,,OpenPhish URL
http://gikolibe.blogspot.qa/,,OpenPhish URL
http://maimai1919.blogspot.se/,,OpenPhish URL
http://tinhmiko.blogspot.lt/,,OpenPhish URL
http://hahola123.blogspot.be/,,OpenPhish URL
http://dfdgf46567567.blogspot.pe/,,OpenPhish URL
http://dfdgf46567567.blogspot.lt/,,OpenPhish URL
http://nibiokomguk.blogspot.ie/,,OpenPhish URL
http://nibiokomguk.blogspot.com.uy/,,OpenPhish URL
http://shshsahzshshsh.blogspot.my/,,OpenPhish URL
http://unimolofe.blogspot.co.uk/,,OpenPhish URL
http://nibiokomguk.blogspot.my/,,OpenPhish URL
http://cdhvdsivd5.blogspot.mx/,,OpenPhish URL
http://maimai1919.blogspot.com.mt/,,OpenPhish URL
http://animilonehi.blogspot.com.tr/,,OpenPhish URL
http://maimai1919.blogspot.com.tr/,,OpenPhish URL
http://instagramprofiileurl.blogspot.co.nz/,,OpenPhish URL
http://dgdfgd2345454.blogspot.dk/,,OpenPhish URL
http://hahola123.blogspot.lt/,,OpenPhish URL
http://cdhvdsivd5.blogspot.com.ng/,,OpenPhish URL
http://gikolibe.blogspot.ug/,,OpenPhish URL
http://fgjhdgdjhjtg1111.blogspot.am/,,OpenPhish URL
http://unimolofe.blogspot.lt/,,OpenPhish URL
http://fgjhdgdjhjtg1111.blogspot.in/,,OpenPhish URL
http://fdbdfgsdj4547.blogspot.hu/,,OpenPhish URL
http://tinhmiko.blogspot.co.nz/,,OpenPhish URL
http://fgjhdgdjhjtg1111.blogspot.my/,,OpenPhish URL
http://shshsahzshshsh.blogspot.li/,,OpenPhish URL
http://fdbdfgsdj4547.blogspot.co.id/,,OpenPhish URL
http://hahola123.blogspot.hr/,,OpenPhish URL
http://edhjzswehzshzsh.blogspot.cl/,,OpenPhish URL
http://mystery1click8.vercel.app/,,OpenPhish URL
http://gnichua20t3.blogspot.it/,,OpenPhish URL
http://nibiokomguk.blogspot.si/,,OpenPhish URL
http://shshsahzshshsh.blogspot.lt/,,OpenPhish URL
http://unimolofe.blogspot.com.ar/,,OpenPhish URL
http://erpf0je.tgq0.my.id/,,OpenPhish URL
http://fgjhdgdjhjtg1111.blogspot.cz/,,OpenPhish URL
http://hahola123.blogspot.no/,,OpenPhish URL
http://gikolibe.blogspot.it/,,OpenPhish URL
http://nibiokomguk.blogspot.com.by/,,OpenPhish URL
http://gnichua20t3.blogspot.fr/,,OpenPhish URL
https://att-109525-102500.weeblysite.com/,,OpenPhish URL
http://hdshawyhw3eayuheyh.blogspot.com.cy/,,OpenPhish URL
http://gikolibe.blogspot.com.ng/,,OpenPhish URL
http://drgdfhdfge54757.blogspot.tw/,,OpenPhish URL
http://drgdfhdfge54757.blogspot.pt/,,OpenPhish URL
http://unimolofe.blogspot.ro/,,OpenPhish URL
http://dfgfgdufdf46456.blogspot.co.at/,,OpenPhish URL
http://hahola123.blogspot.co.id/,,OpenPhish URL
http://unimolofe.blogspot.com.es/,,OpenPhish URL
http://hahola123.blogspot.al/,,OpenPhish URL
http://hdshawyhw3eayuheyh.blogspot.cl/,,OpenPhish URL
http://bikomebb.blogspot.rs/,,OpenPhish URL
http://hahola123.blogspot.kr/,,OpenPhish URL
http://drgdfhdfge54757.blogspot.rs/,,OpenPhish URL
http://unimolofe.blogspot.cz/,,OpenPhish URL
http://hdshawyhw3eayuheyh.blogspot.lt/,,OpenPhish URL
http://dfgfgdufdf46456.blogspot.bg/,,OpenPhish URL
http://dgdfgd2345454.blogspot.tw/,,OpenPhish URL
http://nibiokomguk.blogspot.cl/,,OpenPhish URL
http://shshsahzshshsh.blogspot.com.br/,,OpenPhish URL
http://bikomebb.blogspot.com.uy/,,OpenPhish URL
http://dfgfgdufdf46456.blogspot.hk/,,OpenPhish URL
http://hahola123.blogspot.fr/,,OpenPhish URL
http://gikolibe.blogspot.bg/,,OpenPhish URL
https://entry5292-js2024r1.usercontent.dev/,,OpenPhish URL
http://edhjzswehzshzsh.blogspot.nl/,,OpenPhish URL
http://animilonehi.blogspot.com.es/,,OpenPhish URL
http://shshsahzshshsh.blogspot.com.eg/,,OpenPhish URL
http://cdhvdsivd5.blogspot.al/,,OpenPhish URL
http://animilonehi.blogspot.sn/,,OpenPhish URL
http://tinhmiko.blogspot.li/,,OpenPhish URL
http://tinhmiko.blogspot.it/,,OpenPhish URL
http://maimai1919.blogspot.co.za/,,OpenPhish URL
http://hdshawyhw3eayuheyh.blogspot.ba/,,OpenPhish URL
http://bikomebb.blogspot.com.es/,,OpenPhish URL
http://hdshawyhw3eayuheyh.blogspot.am/,,OpenPhish URL
http://cdhvdsivd5.blogspot.com.co/,,OpenPhish URL
http://tinhmiko.blogspot.com.br/,,OpenPhish URL
http://fdbdfgsdj4547.blogspot.com.br/,,OpenPhish URL
http://fgjhdgdjhjtg1111.blogspot.md/,,OpenPhish URL
http://unimolofe.blogspot.hu/,,OpenPhish URL
http://tinhmiko.blogspot.md/,,OpenPhish URL
http://bikomebb.blogspot.pt/,,OpenPhish URL
http://shshsahzshshsh.blogspot.pt/,,OpenPhish URL
http://fdbdfgsdj4547.blogspot.ae/,,OpenPhish URL
http://drgdfhdfge54757.blogspot.sg/,,OpenPhish URL
http://cdhvdsivd5.blogspot.cl/,,OpenPhish URL
http://unimolofe.blogspot.qa/,,OpenPhish URL
http://nibiokomguk.blogspot.lt/,,OpenPhish URL
http://edhjzswehzshzsh.blogspot.hr/,,OpenPhish URL
http://bikomebb.blogspot.mx/,,OpenPhish URL
https://cutt.ly/MwQbMOYy,,OpenPhish URL
https://orangepro949.godaddysites.com/,,OpenPhish URL
http://bikomebb.blogspot.mk/,,OpenPhish URL
http://gnichua20t3.blogspot.ch/,,OpenPhish URL
http://metamaskinc.blogspot.pe/,,OpenPhish URL
http://drgdfhdfge54757.blogspot.com.ee/,,OpenPhish URL
http://dfdgf46567567.blogspot.sg/,,OpenPhish URL
http://drgdfhdfge54757.blogspot.nl/,,OpenPhish URL
http://cdhvdsivd5.blogspot.my/,,OpenPhish URL
http://hahola123.blogspot.com.cy/,,OpenPhish URL
http://dfdgf46567567.blogspot.com.es/,,OpenPhish URL
http://cdhvdsivd5.blogspot.com.eg/,,OpenPhish URL
http://gnichua20t3.blogspot.cz/,,OpenPhish URL
http://drgdfhdfge54757.blogspot.com.by/,,OpenPhish URL
http://drgdfhdfge54757.blogspot.sk/,,OpenPhish URL
http://fgjhdgdjhjtg1111.blogspot.sk/,,OpenPhish URL
http://shshsahzshshsh.blogspot.se/,,OpenPhish URL
http://sumydeko.blogspot.com.uy/,,OpenPhish URL
https://nhgyaif-guidancefacilitation.pages.dev/checkpoint/?d=1004&dac=,,OpenPhish URL
http://shshsahzshshsh.blogspot.cz/,,OpenPhish URL
http://drgdfhdfge54757.blogspot.lt/,,OpenPhish URL
http://fgjhdgdjhjtg1111.blogspot.lt/,,OpenPhish URL
http://cdhvdsivd5.blogspot.mk/,,OpenPhish URL
http://solitary-butterfly-e692.resultbox19-207173.workers.dev/,,OpenPhish URL
http://drgdfhdfge54757.blogspot.mx/,,OpenPhish URL
http://gnichua20t3.blogspot.md/,,OpenPhish URL
http://shshsahzshshsh.blogspot.com.ng/,,OpenPhish URL
https://fix-metamask.pages.dev/,,OpenPhish URL
http://animilonehi.blogspot.ca/,,OpenPhish URL
http://dfgfgdufdf46456.blogspot.com.by/,,OpenPhish URL
http://animilonehi.blogspot.lt/,,OpenPhish URL
http://gnichua20t3.blogspot.com.ar/,,OpenPhish URL
http://shshsahzshshsh.blogspot.md/,,OpenPhish URL
http://unimolofe.blogspot.no/,,OpenPhish URL
http://tinhmiko.blogspot.com.ar/,,OpenPhish URL
http://hdshawyhw3eayuheyh.blogspot.my/,,OpenPhish URL
http://hahola123.blogspot.mk/,,OpenPhish URL
http://dgdfgd2345454.blogspot.com.co/,,OpenPhish URL
http://cdhvdsivd5.blogspot.ro/,,OpenPhish URL
http://animilonehi.blogspot.fi/,,OpenPhish URL
http://5fgfgfgrg4g4gh4fg4fd.blogspot.tw/,,OpenPhish URL
https://5fgfgfgrg4g4gh4fg4fd.blogspot.com/,,OpenPhish URL
http://gikolibe.blogspot.sn/,,OpenPhish URL
http://animilonehi.blogspot.fr/,,OpenPhish URL
http://fdbdfgsdj4547.blogspot.se/,,OpenPhish URL
http://dfgfgdufdf46456.blogspot.com.ng/,,OpenPhish URL
https://tda56gsu.pages.dev/,,OpenPhish URL
http://bikomebb.blogspot.it/,,OpenPhish URL
https://bt-broadband-universal-service.weeblysite.com/,,OpenPhish URL
http://faceted-carbonated-cloche.glitch.me/bank.html,,OpenPhish URL
https://pub-6808fc2d4e1b46a784bfa17b251af8f7.r2.dev/index.html,,OpenPhish URL
https://pub-82f4e9862bc4496c82d53a6792053fed.r2.dev/index.html,,OpenPhish URL
https://encrypt.wallet-connect-6pp.pages.dev/,,OpenPhish URL
https://kdc.ygs.mybluehost.me/melly/8215/,,OpenPhish URL
https://webprogo.com/review-ap/,,OpenPhish URL
https://neetnetnet.github.io/web099/,,OpenPhish URL
http://token-mi.vip/,,OpenPhish URL
http://metamaskloginsc.webflow.io/,,OpenPhish URL
https://cermotikear.chromatica.top/,,OpenPhish URL
https://myatt.pages.dev/,,OpenPhish URL
https://one-services-support.5euyw.com/sign.php,,OpenPhish URL
https://bafybeieuhc4rme2zlgkdet52gz2zbbnss2v5yralmgnsnnn2enul3le5xm.ipfs.cf-ipfs.com/,,OpenPhish URL
https://somblocotorome.github.io/metrualiopart/joint-aces/,,OpenPhish URL
https://deenveerww.wixsite.com/paccybelserver2424,,OpenPhish URL
https://shaiksadiq26.github.io/-Project-Netflix/,,OpenPhish URL
https://att-top-notch.webflow.io/,,OpenPhish URL
https://ert456789.weebly.com/,,OpenPhish URL
https://att-m-106100.weeblysite.com/,,OpenPhish URL
https://mail-104414-102167.weeblysite.com/,,OpenPhish URL
https://home-104122-104444.weeblysite.com/,,OpenPhish URL
https://mail-103319.weeblysite.com/,,OpenPhish URL
https://522xd67.tokena-imapp.com/down/qfYMMqu,,OpenPhish URL
http://rocky-base-dapp.pages.dev/,,OpenPhish URL
https://qu1mosf.tokena-imapp.com/down/UtvxMlf,,OpenPhish URL
https://522xd67.tokena-imapp.com/down/ubOXkyy,,OpenPhish URL
https://sys.jira.saljaohuathanon.com/,,OpenPhish URL
https://stg.api.us-east-1.account.saljaohuathanon.com/,,OpenPhish URL
https://3ui0ha0.token-imapp.com/down/XfTcFDJ,,OpenPhish URL
https://uzuikp2.token-imapp.com/down/fuUoGmh,,OpenPhish URL
https://template.staging.saljaohuathanon.com/,,OpenPhish URL
https://core-bulk-c2prod.lms.prod.saljaohuathanon.com/,,OpenPhish URL
https://uzuikp2.token-imapp.com/down/sadTHRr,,OpenPhish URL
https://tojbjh2.tokena-imapp.com/down/FCLmokv,,OpenPhish URL
https://raw.git.saljaohuathanon.com/,,OpenPhish URL
https://tojbjh2.tokena-imapp.com/down/SAFxjJz,,OpenPhish URL
https://uzuikp2.token-imapp.com/down/bVslQen,,OpenPhish URL
https://dfep0rty.tgq0.my.id/,,OpenPhish URL
https://uzuikp2.token-imapp.com/down/zMtwNkn,,OpenPhish URL
http://hk9008.github.io/facebook-login,,OpenPhish URL
http://ebay11.byethost7.com/,,OpenPhish URL
https://tojbjh2.tokena-imapp.com/down/rdJXUsM,,OpenPhish URL
https://tojbjh2.tokena-imapp.com/down/uEBRVAg,,OpenPhish URL
https://pelyd4y.tp2024download.com/down/tbgosHx,,OpenPhish URL
https://pub-d97bf7faa99842ebace611b2a72f6b3c.r2.dev/meta11.html,,OpenPhish URL
https://pub-8e61166db1dc47df9dc29386e6392556.r2.dev/index.html,,OpenPhish URL
https://pub-e6d3da88c38b445db0790636c308a9b1.r2.dev/index.html,,OpenPhish URL
https://island-chivalrous-joggers.glitch.me/new.html,,OpenPhish URL
http://ratin17.github.io/netflix-clone,,OpenPhish URL
